Id,School name,Address,URL,Search parameters (name+address),Custom ID,
1,RICHLAND TWO CHARTER HIGH,"750 OLD CLEMSON RD, COLUMBIA, SC",https://www.richland2.org/charterhigh/,"RICHLAND TWO CHARTER HIGH 750 OLD CLEMSON RD, COLUMBIA, SC",SC600,
2,POLK STATE COLLEGE COLLEGIATE HIGH SCHOOL,"3425 WINTER LK RD LAC1200, WINTER HAVEN, FL",https://www.polk.edu/lakeland-gateway-to-college-high-school/,"POLK STATE COLLEGE COLLEGIATE HIGH SCHOOL 3425 WINTER LK RD LAC1200, WINTER HAVEN, FL",FL8131,
3,RIVER CITY SCHOLARS CHARTER ACADEMY,"944 EVERGREEN ST, GRAND RAPIDS, MI",https://www.nhaschools.com/schools/rivercity/Pages/default.aspx,"RIVER CITY SCHOLARS CHARTER ACADEMY 944 EVERGREEN ST, GRAND RAPIDS, MI",MI1395,
4,DETROIT ENTERPRISE ACADEMY,"11224 KERCHEVAL ST, DETROIT, MI",https://www.nhaschools.com/schools/detroitenterprise,"DETROIT ENTERPRISE ACADEMY 11224 KERCHEVAL ST, DETROIT, MI",MI9462,
5,LIGHTHOUSE COMMUNITY SCH INC,"6100 DESMOND ST, CINCINNATI, OH",https://www.lys.org/services/lighthouse-community-school/,"LIGHTHOUSE COMMUNITY SCH INC 6100 DESMOND ST, CINCINNATI, OH",OH133389,
6,WESTLAKE CHARTER MIDDLE,"1985 PEBBLEWOOD DR, SACRAMENTO, CA",https://westlakecharter.com,"WESTLAKE CHARTER MIDDLE 1985 PEBBLEWOOD DR, SACRAMENTO, CA",CA124594,
7,VAN GOGH CHARTER,"17160 VAN GOGH ST, GRANADA HILLS, CA",https://vangoghcs-lausd-ca.schoolloop.com/,"VAN GOGH CHARTER 17160 VAN GOGH ST, GRANADA HILLS, CA",CA6019673,
8,SUMMIT ACADEMY TRANSITION HIGH SCHOOL DAYTON,"1407 EAST 3RD ST, DAYTON, OH",https://summitacademies.org/schools/dayton-high/,"SUMMIT ACADEMY TRANSITION HIGH SCHOOL DAYTON 1407 EAST 3RD ST, DAYTON, OH",OH621,
9,WESTCHESTER ACADEMY FOR INTERNATIONAL STUDIES,"901 YORKCHESTER, HOUSTON, TX",https://cms.springbranchisd.com/wais/,"WESTCHESTER ACADEMY FOR INTERNATIONAL STUDIES 901 YORKCHESTER, HOUSTON, TX",TX101920014,
10,CITY ACADEMY,"958 JESSIE ST, SAINT PAUL, MN",https://cityacademy.org/,"CITY ACADEMY 958 JESSIE ST, SAINT PAUL, MN",MN74000010,
11,"BYRNEVILLE ELEMENTARY SCHOOL, INC.","1600 BYRNEVILLE RD, CENTURY, FL",https://byrnes-ecsd-fl.schoolloop.com/,"BYRNEVILLE ELEMENTARY SCHOOL, INC. 1600 BYRNEVILLE RD, CENTURY, FL",FL2106,
12,ACACIA MIDDLE CHARTER,"703 EAST SWAIN RD, STOCKTON, CA",https://acaciamiddle.org/,"ACACIA MIDDLE CHARTER 703 EAST SWAIN RD, STOCKTON, CA",CA128546,
13,WHITTIER ELEMENTARY,"4382 SOUTH 3RD ST, MILWAUKEE, WI",http://www2.milwaukee.k12.wi.us/whittier/whittier.htm,"WHITTIER ELEMENTARY 4382 SOUTH 3RD ST, MILWAUKEE, WI",WI398,
14,ZOE LEARNING ACAD - AMBASSADOR CAMPUS,"515 WEST CTR ST, DUNCANVILLE, TX",http://www.zoelearningcenters.com,"ZOE LEARNING ACAD - AMBASSADOR CAMPUS 515 WEST CTR ST, DUNCANVILLE, TX",TX101850102,
15,YOUNG WOMENS LEADERSHIP CHARTR HS,"2641 SOUTH CALUMET AVE, CHICAGO, IL",http://www.ywlcs.org/,"YOUNG WOMENS LEADERSHIP CHARTR HS 2641 SOUTH CALUMET AVE, CHICAGO, IL",IL150162990007C,
16,YUBA COUNTY CAREER PREPARATORY CHARTER,"1104 EAST ST, MARYSVILLE, CA",http://ca01902906.schoolwires.net/prepcharteracademy,"YUBA COUNTY CAREER PREPARATORY CHARTER 1104 EAST ST, MARYSVILLE, CA",CA5830112,
17,YOUNG SCHOLARS OF WESTERN PENNSYLVANIA C,"600 NEWPORT DR, BALDWIN TOWNSHIP, PA",http://www.ysacs.org/,"YOUNG SCHOLARS OF WESTERN PENNSYLVANIA C 600 NEWPORT DR, BALDWIN TOWNSHIP, PA",PA8156,
18,WEST PHILA. ACHIEVEMENT CES,"6701 CALLOWHILL ST, PHILADELPHIA, PA",http://www.wpaces.org/,"WEST PHILA. ACHIEVEMENT CES 6701 CALLOWHILL ST, PHILADELPHIA, PA",PA7722,
19,JOHN H WOOD JR CS GRANBURY,"1300 CROSSLAND RD, GRANBURY, TX",http://www.woodcharter.com/Granbury/,"JOHN H WOOD JR CS GRANBURY 1300 CROSSLAND RD, GRANBURY, TX",TX15808006,
20,WILLOW CREEK CHARTER SCHOOL,"2100 WILLOW CREEK RD, PRESCOTT, AZ",http://www.willowcreekcharter.com/,"WILLOW CREEK CHARTER SCHOOL 2100 WILLOW CREEK RD, PRESCOTT, AZ",AZ78815,
21,WHITE PINE ACADEMY,"510 RUSSELL ST, LESLIE, MI",http://www.whitepineacademy.com/,"WHITE PINE ACADEMY 510 RUSSELL ST, LESLIE, MI",MI8700,
22,WEST RIDGE ACADEMY,"6200 WEST 20TH ST, GREELEY, CO",http://www.westridgeacademycharter.com/,"WEST RIDGE ACADEMY 6200 WEST 20TH ST, GREELEY, CO",CO9611,
23,WATTS LEARNING CENTER CHARTER MIDDLE,"8800 SOUTH SAN PEDRO ST, LOS ANGELES, CA",http://www.wattslearningcenter.org/,"WATTS LEARNING CENTER CHARTER MIDDLE 8800 SOUTH SAN PEDRO ST, LOS ANGELES, CA",CA120527,
24,WATERFORD MONTESSORI ACADEMY,"4860 MIDLAND AVE, WATERFORD, MI",http://www.waterfordmontessori.org/,"WATERFORD MONTESSORI ACADEMY 4860 MIDLAND AVE, WATERFORD, MI",MI1860,
25,VALLEY LIFE CHARTER,"3737 WEST WALNUT AVE, VISALIA, CA",http://www.vlcs.org/,"VALLEY LIFE CHARTER 3737 WEST WALNUT AVE, VISALIA, CA",CA124057,
26,VALLEY CHARTER ELEMENTARY,"16514 NORDHOFF ST, NORTH HILLS, CA",http://www.valleycharterschool.org/,"VALLEY CHARTER ELEMENTARY 16514 NORDHOFF ST, NORTH HILLS, CA",CA122754,
27,VIRTUAL ACADEMY OF LAFOURCHE,"142E LAURA ST, THIBODAUX, LA",http://www.valcharter.org/,"VIRTUAL ACADEMY OF LAFOURCHE 142E LAURA ST, THIBODAUX, LA",LA29040,
28,URBAN PREP CHTR ACAD BRONZEVILLE HS,"2710 SOUTH DEARBORN ST 116, CHICAGO, IL",http://www.urbanprep.org/,"URBAN PREP CHTR ACAD BRONZEVILLE HS 2710 SOUTH DEARBORN ST 116, CHICAGO, IL",IL150162990013C,
29,TWO RIVERS COMMUNITY SCHOOL,"1018 ARCHIE CARROLL RD, BOONE, NC",http://www.tworiverscommunityschool.net/,"TWO RIVERS COMMUNITY SCHOOL 1018 ARCHIE CARROLL RD, BOONE, NC",NC0,
30,TWO DIMENSIONS/VICKERY,"12330 VICKERY, HOUSTON, TX",http://www.twodimensions.org/,"TWO DIMENSIONS/VICKERY 12330 VICKERY, HOUSTON, TX",TX101840103,
31,TRINITY SCHOOL FOR CHILDREN,"2402 WEST OSBORNE AVE, TAMPA, FL",http://trinitysfc.org/,"TRINITY SCHOOL FOR CHILDREN 2402 WEST OSBORNE AVE, TAMPA, FL",FL6624,
32,TEXAS LEADERSHIP OF MIDLAND,"3300 THOMAS AVE, MIDLAND, TX",http://www.tlca-cl.com/,"TEXAS LEADERSHIP OF MIDLAND 3300 THOMAS AVE, MIDLAND, TX",TX226801002,
33,TAOS INTEGRATED SCHOOL OF ARTS,"123 MANZANARES, TAOS, NM",http://www.tisataos.com/,"TAOS INTEGRATED SCHOOL OF ARTS 123 MANZANARES, TAOS, NM",NM1,
34,CINCINNATI STATE STEM ACADEMY,"3520 CENTRAL PARKWAY, CINCINNATI, OH",http://www.thestemacademy.us/index.html,"CINCINNATI STATE STEM ACADEMY 3520 CENTRAL PARKWAY, CINCINNATI, OH",OH13240,
35,MANA ACADEMY CHARTER SCHOOL,"2355 SOUTH TECHNOLOGY DR, WEST VALLEY CITY, UT",http://www.themanaacademy.org/,"MANA ACADEMY CHARTER SCHOOL 2355 SOUTH TECHNOLOGY DR, WEST VALLEY CITY, UT",UT4I700,
36,THE GREEN SCHOOL,"2851 KENTUCKY AVE, BALTIMORE, MD",http://www.thegreenschoolofbaltimore.org/,"THE GREEN SCHOOL 2851 KENTUCKY AVE, BALTIMORE, MD",MD300332,
37,THE EDUCATION CENTER IN LEWISVILLE,"968 RALDON, LEWISVILLE, TX",http://www.ntxca.org/vnews/display.v/SEC/South%20Campus,"THE EDUCATION CENTER IN LEWISVILLE 968 RALDON, LEWISVILLE, TX",TX61802003,
38,THEA BOWMAN LEADERSHIP ACADEMY,"975 WEST 6TH AVE, GARY, IN",http://www.theabowmanacademy.org/,"THEA BOWMAN LEADERSHIP ACADEMY 975 WEST 6TH AVE, GARY, IN",IN4022,
39,FORT WORTH CAN ACADEMY - SOUTH,"5508 BLACK OAK LN, FORT WORTH, TX",http://www.texanscan.org/schools-and-programs/fort-worth-westcreek/,"FORT WORTH CAN ACADEMY - SOUTH 5508 BLACK OAK LN, FORT WORTH, TX",TX57804008,
40,DALLAS CAN ACADEMY CHARTER,"4621 ROSS AVE, DALLAS, TX",http://www.texanscan.org/schools-and-programs/dallas-ross-avenue/,"DALLAS CAN ACADEMY CHARTER 4621 ROSS AVE, DALLAS, TX",TX57804001,
41,TELESIS PREPARATORY,"2598 STARLITE LN, LAKE HAVASU CITY, AZ",http://www.telesis-academy.org/,"TELESIS PREPARATORY 2598 STARLITE LN, LAKE HAVASU CITY, AZ",AZ80980,
42,ETHICAL COMMUNITY CHARTER SCHOOL (THE),"700 PARK AVE3RD FL, BROOKLYN, NY",http://www.teccs-jc.org/,"ETHICAL COMMUNITY CHARTER SCHOOL (THE) 700 PARK AVE3RD FL, BROOKLYN, NY",NY331400860930,
43,TAPESTRY CHARTER SCHOOL,"65 GREAT ARROW AVE, BUFFALO, NY",http://www.tapestryschool.org/,"TAPESTRY CHARTER SCHOOL 65 GREAT ARROW AVE, BUFFALO, NY",NY140600860838,
44,TRINITY ACADEMY PERFORMING ART,"158 MESSER ST, PROVIDENCE, RI",http://www.tapaprovidence.org/,"TRINITY ACADEMY PERFORMING ART 158 MESSER ST, PROVIDENCE, RI",RI28606,
45,SOUTHWEST SCHOOLS MANGUM EL CAMPUS,"4515 MANGUM RD, HOUSTON, TX",http://www.swschools.org/,"SOUTHWEST SCHOOLS MANGUM EL CAMPUS 4515 MANGUM RD, HOUSTON, TX",TX101838104,
46,SOUTHWEST PREPARATORY SCHOOL-NORTHWEST,"6535 CULEBRA RD, SAN ANTONIO, TX",http://www.swprep.org/,"SOUTHWEST PREPARATORY SCHOOL-NORTHWEST 6535 CULEBRA RD, SAN ANTONIO, TX",TX15807004,
47,SUN VALLEY CHARTER SCHOOL,"5806 SOUTH 35TH AVE BLDG EAST, PHOENIX, AZ",http://www.sunvalleycharterschool.com/,"SUN VALLEY CHARTER SCHOOL 5806 SOUTH 35TH AVE BLDG EAST, PHOENIX, AZ",AZ90193,
48,SUNNY WOLF CHARTER SCHOOL,"100 RUTH AVE, WOLF CREEK, OR",http://www.sunnywolfcharterschool.com/,"SUNNY WOLF CHARTER SCHOOL 100 RUTH AVE, WOLF CREEK, OR",OR4823,
49,SUNCOAST SCHOOL FOR INNOVATIVE STUDIES,"845 SOUTH SCHOOL AVE, SARASOTA, FL",http://www.suncoastschool.org/,"SUNCOAST SCHOOL FOR INNOVATIVE STUDIES 845 SOUTH SCHOOL AVE, SARASOTA, FL",FL81,
50,KAIZEN EDUCATION FOUNDATION DBA SUMMIT HIGH SCHOOL,"728 EAST MCDOWELL RD, PHOENIX, AZ",http://www.summiths.com/,"KAIZEN EDUCATION FOUNDATION DBA SUMMIT HIGH SCHOOL 728 EAST MCDOWELL RD, PHOENIX, AZ",AZ10749,
51,STRIVE PREP - SMART ACADEMY,"3201 WEST ARIZONA AVE, DENVER, CO",http://www.striveprep.org/school/strive-prep-smart-academy/,"STRIVE PREP - SMART ACADEMY 3201 WEST ARIZONA AVE, DENVER, CO",CO9639,
52,ST HOPE LEADERSHIP ACADEMY CHARTER SCHOOL,"222 WEST 134TH STRM 111, NEW YORK, NY",http://www.sthopeleadershipacademy.org/,"ST HOPE LEADERSHIP ACADEMY CHARTER SCHOOL 222 WEST 134TH STRM 111, NEW YORK, NY",NY310500860928,
53,ST CROIX PREPARATORY ACADEMY MIDDLE,"4620 STAGECOACH TR NORTH, STILLWATER, MN",http://www.stcroixprep.org/,"ST CROIX PREPARATORY ACADEMY MIDDLE 4620 STAGECOACH TR NORTH, STILLWATER, MN",MN74120020,
54,STONY POINT ACADEMY,"3223 PRIMROSE AVE, SANTA ROSA, CA",http://www.spacharter.org/,"STONY POINT ACADEMY 3223 PRIMROSE AVE, SANTA ROSA, CA",CA127662,
55,SOUTHSIDE ACADEMY,"1833 MARKET ST, YOUNGSTOWN, OH",http://www.southsideedu.org/,"SOUTHSIDE ACADEMY 1833 MARKET ST, YOUNGSTOWN, OH",OH12105,
56,SOUTH POINTE HIGH SCHOOL,"8325 SOUTH CENTRAL AVE, PHOENIX, AZ",http://www.southpointehs.com/,"SOUTH POINTE HIGH SCHOOL 8325 SOUTH CENTRAL AVE, PHOENIX, AZ",AZ80990,
57,SOUTH BRONX CLASSICAL CHARTER SCHOOL II,"333 EAST 135TH ST, BRONX, NY",http://www.southbronxclassical.org/,"SOUTH BRONX CLASSICAL CHARTER SCHOOL II 333 EAST 135TH ST, BRONX, NY",NY320700861035,
58,SOMERSET PREPARATORY ACADEMY PCS,"3301 WHEELER RD SE, WASHINGTON, DC",http://www.somersetdc.com/,"SOMERSET PREPARATORY ACADEMY PCS 3301 WHEELER RD SE, WASHINGTON, DC",DC187,
59,SOMERSET ACADEMY CHARTER HIGH,"20805 JOHNSON ST, PEMBROKE PINES, FL",http://www.somersetacademy.com/,"SOMERSET ACADEMY CHARTER HIGH 20805 JOHNSON ST, PEMBROKE PINES, FL",FL5221,
60,SOUTHWEST LEADERSHIP ACADEMY CS,"7101 PASCHALL AVE, PHILADELPHIA, PA",http://www.slacs-phila.org/,"SOUTHWEST LEADERSHIP ACADEMY CS 7101 PASCHALL AVE, PHILADELPHIA, PA",PA7960,
61,ALLIANCE CINDY AND BILL SIMON TECHNOLOGY ACADEMY H,"10720 SOUTH WILMINGTON AVE, LOS ANGELES, CA",http://www.simontechnology.org/,"ALLIANCE CINDY AND BILL SIMON TECHNOLOGY ACADEMY H 10720 SOUTH WILMINGTON AVE, LOS ANGELES, CA",CA121285,
62,SCHOOL FOR INTEGRATED ACADEMICS AND TECHNOLOGIES,"518 SOUTH 3RD ST, PHOENIX, AZ",http://www.siatech.org/,"SCHOOL FOR INTEGRATED ACADEMICS AND TECHNOLOGIES 518 SOUTH 3RD ST, PHOENIX, AZ",AZ79450,
63,SHILOH CHARTER,"6633 PARADISE RD, MODESTO, CA",http://www.shiloh.k12.ca.us/,"SHILOH CHARTER 6633 PARADISE RD, MODESTO, CA",CA121558,
64,LEADS PRIMARY CHARTER SCHOOL,"1410 SOUTH WAUKECHON ST, SHAWANO, WI",http://www.shawanoschools.com/schools/leads/,"LEADS PRIMARY CHARTER SCHOOL 1410 SOUTH WAUKECHON ST, SHAWANO, WI",WI110,
65,SEQUOIA VILLAGE SCHOOL,"982 FULL HOUSE LN, SHOW LOW, AZ",http://www.sequoiavillageschool.org/,"SEQUOIA VILLAGE SCHOOL 982 FULL HOUSE LN, SHOW LOW, AZ",AZ10848,
66,SEED PCS OF WASHINGTON DC,"4300 C ST SE, WASHINGTON, DC",http://www.seedschooldc.org/,"SEED PCS OF WASHINGTON DC 4300 C ST SE, WASHINGTON, DC",DC174,
67,SAN DIEGO COOPERATIVE CHARTER,"7260 LINDA VISTA RD, SAN DIEGO, CA",http://www.sdccs.org/,"SAN DIEGO COOPERATIVE CHARTER 7260 LINDA VISTA RD, SAN DIEGO, CA",CA6119168,
68,SAUVIE ISLAND ACADEMY,"14445 NW CHARLTON RD, PORTLAND, OR",http://www.sauvieislandacademy.org/,"SAUVIE ISLAND ACADEMY 14445 NW CHARLTON RD, PORTLAND, OR",OR958,
69,SANGER ACADEMY CHARTER,"2207 NINTH ST, SANGER, CA",http://www.sanger.k12.ca.us/,"SANGER ACADEMY CHARTER 2207 NINTH ST, SANGER, CA",CA6117873,
70,SAGE ACADEMY,"1055 EAST HEARN RD, SCOTTSDALE, AZ",http://www.sage-academy.org/,"SAGE ACADEMY 1055 EAST HEARN RD, SCOTTSDALE, AZ",AZ89415,
71,RIVER VALLEY CHARTER,"9707 1/2 MARILLA DR, LAKESIDE, CA",http://www.rivervalleyhigh.org/,"RIVER VALLEY CHARTER 9707 1/2 MARILLA DR, LAKESIDE, CA",CA3731072,
72,RIVERSIDE ACADEMY,"7124 MILLER RD, DEARBORN, MI",http://east.riverside-academy.net/,"RIVERSIDE ACADEMY 7124 MILLER RD, DEARBORN, MI",MI9300,
73,RIVER CITY SCIENCE ACADEMY INNOVATION SCHOOL,"3251 NEWELL BLVD, JACKSONVILLE, FL",http://www.rivercityscience.org/,"RIVER CITY SCIENCE ACADEMY INNOVATION SCHOOL 3251 NEWELL BLVD, JACKSONVILLE, FL",FL5441,
74,RICHARD ALLEN LEADERSHIP ACADEMY,"940 CALIPH ST, OPA LOCKA, FL",http://www.richardallenla.com/,"RICHARD ALLEN LEADERSHIP ACADEMY 940 CALIPH ST, OPA LOCKA, FL",FL2006,
75,RENAISSANCE CHARTER SCHOOL AT TRADITION,"10900 SW TRADITION PARKWAY, PORT ST. LUCIE, FL",http://www.renaissancecharter.org/,"RENAISSANCE CHARTER SCHOOL AT TRADITION 10900 SW TRADITION PARKWAY, PORT ST. LUCIE, FL",FL721,
76,RELEVANT ACADEMY OF EATON COUNTY,"512 EAST LOVETT ST, CHARLOTTE, MI",http://www.relevantacademy.org/,"RELEVANT ACADEMY OF EATON COUNTY 512 EAST LOVETT ST, CHARLOTTE, MI",MI673,
77,RAPOPORT ACADEMY EL - NORTH CAMPUS,"2200 MAC ARTHUR DR, WACO, TX",http://www.rapoportacademy.org/,"RAPOPORT ACADEMY EL - NORTH CAMPUS 2200 MAC ARTHUR DR, WACO, TX",TX161802103,
78,QUEST CHARTER SCHOOL ACADEMY,"2503 NORTH UNIVERSITY ST, PEORIA, IL",http://www.questpeoria.org/,"QUEST CHARTER SCHOOL ACADEMY 2503 NORTH UNIVERSITY ST, PEORIA, IL",IL480721500027C,
79,PIONEER VALLEY CHINESE IMMERSION CHARTER SCHOOL,"317 RUSSELL ST, HADLEY, MA",http://www.pvcics.org/,"PIONEER VALLEY CHINESE IMMERSION CHARTER SCHOOL 317 RUSSELL ST, HADLEY, MA",MA4970205,
80,PUTNAM ACADEMY OF ARTS AND SCIENCES,"113 PUTNAM COUNTY BLVD, EAST PALATKA, FL",http://www.putnamacademy.org/,"PUTNAM ACADEMY OF ARTS AND SCIENCES 113 PUTNAM COUNTY BLVD, EAST PALATKA, FL",FL61,
81,PROVIDENCE HALL,"4795 WEST MT OGDEN PEAK DR, HERRIMAN, UT",http://www.providencehall.com/,"PROVIDENCE HALL 4795 WEST MT OGDEN PEAK DR, HERRIMAN, UT",UT9E+100,
82,CAMDEN'S PRIDE CHARTER SCHOOL,"879 BEIDEMAN AVE, CAMDEN, NJ",http://www.promiseacademycharter.org/pride/,"CAMDEN'S PRIDE CHARTER SCHOOL 879 BEIDEMAN AVE, CAMDEN, NJ",NJ906,
83,PRESTIGE ACADEMY,"1121 THATCHER ST, WILMINGTON, DE",http://www.prestigeacademycs.org/,"PRESTIGE ACADEMY 1121 THATCHER ST, WILMINGTON, DE",DE566,
84,PORTAGE ACADEMY OF ACHIEVEMENT,"117 WEST FRANKLIN ST, PORTAGE, WI",http://www.portage.k12.wi.us/,"PORTAGE ACADEMY OF ACHIEVEMENT 117 WEST FRANKLIN ST, PORTAGE, WI",WI400,
85,BERKLEY ACCELERATED MIDDLE SCHOOL,"5316 BERKLEY RD, AUBURNDALE, FL",http://www.berkleymiddle.net,"BERKLEY ACCELERATED MIDDLE SCHOOL 5316 BERKLEY RD, AUBURNDALE, FL",FL8142,
86,PICKERINGTON COMMUNITY SCHOOL,"7800 REFUGEE RD, PICKERINGTON, OH",http://www.pickerington.k12.oh.us/,"PICKERINGTON COMMUNITY SCHOOL 7800 REFUGEE RD, PICKERINGTON, OH",OH12497,
87,COLUMBUS PERFORMANCE ACADEMY,"274 EAST 1ST AVE, COLUMBUS, OH",http://www.performanceacademies.com/,"COLUMBUS PERFORMANCE ACADEMY 274 EAST 1ST AVE, COLUMBUS, OH",OH12011,
88,THE PEAK SCHOOL,"2016 NORTH FIRST ST A AND B, FLAGSTAFF, AZ",http://www.peakschool.org/,"THE PEAK SCHOOL 2016 NORTH FIRST ST A AND B, FLAGSTAFF, AZ",AZ79884,
89,VULTURE PEAK MIDDLE SCHOOL,"920 SOUTH VULTURE MINE RD, WICKENBURG, AZ",http://www.vulturepeak.wickenburgschools.org,"VULTURE PEAK MIDDLE SCHOOL 920 SOUTH VULTURE MINE RD, WICKENBURG, AZ",AZ4986,
90,MIGHTY RIVER ACADEMY OF VIRTUAL EDUCATION,"800 EAST CRAWFORD ST, PRAIRIE DU CHIEN, WI",http://www.pdc.k12.wi.us/mightyriver/,"MIGHTY RIVER ACADEMY OF VIRTUAL EDUCATION 800 EAST CRAWFORD ST, PRAIRIE DU CHIEN, WI",WI800,
91,PASADENA ROSEBUD ACADEMY MIDDLE,"3544 NORTH CANON BLVD, ALTADENA, CA",http://www.rosebudacademy.com,"PASADENA ROSEBUD ACADEMY MIDDLE 3544 NORTH CANON BLVD, ALTADENA, CA",CA128017,
92,PALMETTO CHARTER SCHOOL,"1607 17TH ST WEST, PALMETTO, FL",http://www.palmettocharterschool.org/,"PALMETTO CHARTER SCHOOL 1607 17TH ST WEST, PALMETTO, FL",FL2131,
93,PENNSYLVANIA LEADERSHIP CS,"1332 ENTERPRISE DR, WEST CHESTER, PA",http://www.palcs.org/,"PENNSYLVANIA LEADERSHIP CS 1332 ENTERPRISE DR, WEST CHESTER, PA",PA7819,
94,NEW YORK CITY MONTESSORI CHARTER SCHOOL,"423 EAST 138TH ST, BRONX, NY",http://www.nycmcs.org/,"NEW YORK CITY MONTESSORI CHARTER SCHOOL 423 EAST 138TH ST, BRONX, NY",NY320700861005,
95,ACADEMY FOR URBAN LEADERSHIP CHARTER SCHOOL,"612 AMBOY AVE, PERTH AMBOY, NJ",http://www.aulchs.org/,"ACADEMY FOR URBAN LEADERSHIP CHARTER SCHOOL 612 AMBOY AVE, PERTH AMBOY, NJ",NJ901,
96,NORTHWOOD ACADEMY CS,"4621 CASTOR AVE, PHILADELPHIA, PA",http://www.northwoodcs.org/,"NORTHWOOD ACADEMY CS 4621 CASTOR AVE, PHILADELPHIA, PA",PA7856,
97,NORTH LAKES ACADEMY,"255B NW 7TH AVE, FOREST LAKE, MN",http://www.northlakesacademy.org/,"NORTH LAKES ACADEMY 255B NW 7TH AVE, FOREST LAKE, MN",MN74053010,
98,NORTH OAKLAND COMMUNITY CHARTER,"1000 42ND ST, OAKLAND, CA",http://www.noccs.org/,"NORTH OAKLAND COMMUNITY CHARTER 1000 42ND ST, OAKLAND, CA",CA6117972,
99,NOBLE ACADEMY,"4021 THOMAS AVE NORTH, MINNEAPOLIS, MN",http://www.nobleacademy.us/,"NOBLE ACADEMY 4021 THOMAS AVE NORTH, MINNEAPOLIS, MN",MN74171010,
100,NEW WORLD PREPARATORY CHARTER SCHOOL,"26 SHAPE AVE, STATEN ISLAND, NY",http://www.newworldprep.org/,"NEW WORLD PREPARATORY CHARTER SCHOOL 26 SHAPE AVE, STATEN ISLAND, NY",NY353100860984,
101,NEW HEIGHTS CHARTER,"2202 WEST MLK JR BLVD, LOS ANGELES, CA",http://www.newheightscharter.org/,"NEW HEIGHTS CHARTER 2202 WEST MLK JR BLVD, LOS ANGELES, CA",CA111211,
102,NEWCASTLE CHARTER,"8951 VALLEY VIEW DR, NEWCASTLE, CA",http://www.newcastle.k12.ca.us/,"NEWCASTLE CHARTER 8951 VALLEY VIEW DR, NEWCASTLE, CA",CA109827,
103,NEVADA CITY SCHOOL OF THE ARTS,"13032 BITNEY SPRINGS RD, NEVADA CITY, CA",http://www.ncsota.org/,"NEVADA CITY SCHOOL OF THE ARTS 13032 BITNEY SPRINGS RD, NEVADA CITY, CA",CA114330,
104,COMPASS ACADEMY CHARTER SCHOOL,"2384 EAST LANDIS AVE, VINELAND, NJ",http://www.mycompassacademy.org/,"COMPASS ACADEMY CHARTER SCHOOL 2384 EAST LANDIS AVE, VINELAND, NJ",NJ976,
105,MONUMENT CHARTER ACADEMY,"1150 VILLAGE RIDGE POINT, MONUMENT, CO",http://www.monumentacademy.net/,"MONUMENT CHARTER ACADEMY 1150 VILLAGE RIDGE POINT, MONUMENT, CO",CO5093,
106,MONTE DEL SOL CHARTER,"4157 WALKING RAIN RD, SANTA FE, NM",http://www.montedelsol.org/,"MONTE DEL SOL CHARTER 4157 WALKING RAIN RD, SANTA FE, NM",NM14,
107,MINNESOTA ONLINE HIGH SCHOOL,"2314 UNIVERSITY AVE WEST, SAINT PAUL, MN",http://www.mnohs.org/,"MINNESOTA ONLINE HIGH SCHOOL 2314 UNIVERSITY AVE WEST, SAINT PAUL, MN",MN74150010,
108,MN INTERNATIONAL MIDDLE CHARTER,"277 12TH AVE NORTH, MINNEAPOLIS, MN",http://www.mninternationalmiddleschool.org/,"MN INTERNATIONAL MIDDLE CHARTER 277 12TH AVE NORTH, MINNEAPOLIS, MN",MN74078010,
109,MARIA MONTESSORI CHARTER ACADEMY,"1850 WILDCAT BLVD, ROCKLIN, CA",http://www.mmcharter.org/,"MARIA MONTESSORI CHARTER ACADEMY 1850 WILDCAT BLVD, ROCKLIN, CA",CA117879,
110,MINISINAAKWAANG LEADERSHIP ACADEMY,"20930 367TH LN, MCGREGOR, MN",https://www.minisacademy.org,"MINISINAAKWAANG LEADERSHIP ACADEMY 20930 367TH LN, MCGREGOR, MN",MN74177010,
111,MEMPHIS COLLEGE PREPARATORY,"278 GREENLAW, MEMPHIS, TN",http://www.memphiscollegeprep.org/,"MEMPHIS COLLEGE PREPARATORY 278 GREENLAW, MEMPHIS, TN",TN8240,
112,MCKEEL ELEMENTARY ACADEMY,"411 FLORIDA AVE NORTH, LAKELAND, FL",http://www.mckeelelementary.com/,"MCKEEL ELEMENTARY ACADEMY 411 FLORIDA AVE NORTH, LAKELAND, FL",FL1682,
113,MATER ACADEMY LAKES HIGH SCHOOL,"17300 NW 87TH AVE, HIALEAH, FL",http://www.materlakes.org/,"MATER ACADEMY LAKES HIGH SCHOOL 17300 NW 87TH AVE, HIALEAH, FL",FL7018,
114,MATER BRICKELL PREPARATORY ACADEMY,"2805 SW 32ND AVE, MIAMI, FL",http://www.materacademy.com/project/mater-brickell-preparatory-academy-k-8/,"MATER BRICKELL PREPARATORY ACADEMY 2805 SW 32ND AVE, MIAMI, FL",FL5046,
115,MATCH CHARTER PUBLIC SCHOOL,"1001 COMMONWEALTH AVE, BOSTON, MA",http://www.matchschool.org/,"MATCH CHARTER PUBLIC SCHOOL 1001 COMMONWEALTH AVE, BOSTON, MA",MA4690505,
116,MARSHALL ACADEMY,"18203 HOMER RD, MARSHALL, MI",http://www.marshallacademy.org/,"MARSHALL ACADEMY 18203 HOMER RD, MARSHALL, MI",MI8817,
117,RICARDO FLORES MAGON ACADEMY,"7255 IRVING ST, WESTMINSTER, CO",http://www.magonacademy.org/,"RICARDO FLORES MAGON ACADEMY 7255 IRVING ST, WESTMINSTER, CO",CO7278,
118,MAGELLAN CHARTER,"9324 BAILEYWICK RD, RALEIGH, NC",http://www.magellancharter.org/,"MAGELLAN CHARTER 9324 BAILEYWICK RD, RALEIGH, NC",NC0,
119,LOCKHURST DRIVE CHARTER ELEMENTARY,"6170 LOCKHURST DR, WOODLAND HILLS, CA",http://www.lockhurstelementary.com/,"LOCKHURST DRIVE CHARTER ELEMENTARY 6170 LOCKHURST DR, WOODLAND HILLS, CA",CA6017891,
120,LIVE OAK CHARTER,"100 GNOSS CONCOURSE BLDG. 1, PETALUMA, CA",http://www.liveoakcharter.org/,"LIVE OAK CHARTER 100 GNOSS CONCOURSE BLDG. 1, PETALUMA, CA",CA6119036,
121,LISA ACADEMY NORTH MIDDLE,"5410 LANDERS RD, SHERWOOD, AR",http://www.lisanorth.org/,"LISA ACADEMY NORTH MIDDLE 5410 LANDERS RD, SHERWOOD, AR",AR6048702,
122,LIFE SKILLS CENTER OF TOLEDO,"1830 ADAMS ST, TOLEDO, OH",http://www.lifeskillscenters.com/,"LIFE SKILLS CENTER OF TOLEDO 1830 ADAMS ST, TOLEDO, OH",OH149302,
123,KAIZEN EDUCATION FOUNDATION DBA MAYA HIGH SCHOOL,"3660 WEST GLENDALE AVE, PHOENIX, AZ",http://www.leonagroup.com/,"KAIZEN EDUCATION FOUNDATION DBA MAYA HIGH SCHOOL 3660 WEST GLENDALE AVE, PHOENIX, AZ",AZ10748,
124,LEADING EDGE ACADEMY QUEEN CREEK,"4815 WEST HUNT HWY, QUEEN CREEK, AZ",http://www.leadingedgeacademy.com/mountain-view/,"LEADING EDGE ACADEMY QUEEN CREEK 4815 WEST HUNT HWY, QUEEN CREEK, AZ",AZ91175,
125,NATOMAS PACIFIC PATHWAYS PREP,"3700 DEL PASO RD, SACRAMENTO, CA",http://www.lawschoolbus.com/,"NATOMAS PACIFIC PATHWAYS PREP 3700 DEL PASO RD, SACRAMENTO, CA",CA112425,
126,LAWRENCE ACADEMY,"530 SW 1ST ST, FLORIDA CITY, FL",http://www.lawrenceacademy.net/,"LAWRENCE ACADEMY 530 SW 1ST ST, FLORIDA CITY, FL",FL6008,
127,LAKEVIEW ACADEMY,"527 WEST 400 NORTH, SARATOGA SPRINGS, UT",http://www.lakeview-academy.com/,"LAKEVIEW ACADEMY 527 WEST 400 NORTH, SARATOGA SPRINGS, UT",UT4C100,
128,LAKE COUNTRY ACADEMY - CHARTER,"4101 TECHNOLOGY PARKWAY, SHEBOYGAN, WI",http://www.lakecountryacademy.com/,"LAKE COUNTRY ACADEMY - CHARTER 4101 TECHNOLOGY PARKWAY, SHEBOYGAN, WI",WI150,
129,MINNEOLA ELEMENTARY SCHOOL,"320 EAST PEARL ST, MINNEOLA, FL",http://www.lake.k12.fl.us/Domain/4026,"MINNEOLA ELEMENTARY SCHOOL 320 EAST PEARL ST, MINNEOLA, FL",FL261,
130,LAFAYETTE ACADEMY,"2727 SOUTH CARROLLTON AVE, NEW ORLEANS, LA",http://www.lafayetteacademyno.org/,"LAFAYETTE ACADEMY 2727 SOUTH CARROLLTON AVE, NEW ORLEANS, LA",LA393001,
131,LADY LIBERTY ACADEMY CHARTER SCHOOL,"15 FRANK EAST RODGERS BLVD SOU, HARRISON, NJ",http://www.ladylibertyacademycs.org/,"LADY LIBERTY ACADEMY CHARTER SCHOOL 15 FRANK EAST RODGERS BLVD SOU, HARRISON, NJ",NJ936,
132,LA CAUSA CHARTER SCHOOL,"1643 SOUTH 2ND ST, MILWAUKEE, WI",http://www.lacausa.org/,"LA CAUSA CHARTER SCHOOL 1643 SOUTH 2ND ST, MILWAUKEE, WI",WI1121,
133,KIPP REACH COLLEGE PREPARATORY,"1901 NE 13TH ST, OKLAHOMA CITY, OK",http://www.kippreach.org/,"KIPP REACH COLLEGE PREPARATORY 1901 NE 13TH ST, OKLAHOMA CITY, OK",OK55-E012-982,
134,KIPP WEST ATLANTA YOUNG SCHOLARS ACADEMY,"80 JOSEPH EAST LOWERY BLVD NW, ATLANTA, GA",http://www.kippmetroatlanta.org/kipp-ways-academy/,"KIPP WEST ATLANTA YOUNG SCHOLARS ACADEMY 80 JOSEPH EAST LOWERY BLVD NW, ATLANTA, GA",GA605,
135,KIPP VISION PRIMARY,"660 MCWILLIAMS RD SE, ATLANTA, GA",http://www.kippmetroatlanta.org/kipp-vision-primary/,"KIPP VISION PRIMARY 660 MCWILLIAMS RD SE, ATLANTA, GA",GA214,
136,KIPP MEMPHIS MIDDLE ACADEMY,"2110 HOWELL, MEMPHIS, TN",http://www.kippmemphis.org/apps/pages/index.jsp?uREC_ID=242740&type=d,"KIPP MEMPHIS MIDDLE ACADEMY 2110 HOWELL, MEMPHIS, TN",TN8258,
137,KIPP SAN JOSE COLLEGIATE,"1790 EDAL PARK DR, SAN JOSE, CA",http://www.kippbayarea.org/schools/sjcollegiate/,"KIPP SAN JOSE COLLEGIATE 1790 EDAL PARK DR, SAN JOSE, CA",CA116889,
138,KIPP SAN FRANCISCO COLLEGE PREPARATORY,"655 DEHARO ST, SAN FRANCISCO, CA, CA",http://www.kippbayarea.org/schools/sfcollegeprep/,"KIPP SAN FRANCISCO COLLEGE PREPARATORY 655 DEHARO ST, SAN FRANCISCO, CA, CA",CA127530,
139,KIPP HEARTWOOD ACADEMY,"1250 SOUTH KING RD, SAN JOSE, CA",http://www.kippbayarea.org/schools/heartwood/,"KIPP HEARTWOOD ACADEMY 1250 SOUTH KING RD, SAN JOSE, CA",CA106633,
140,KAWAIKINI NCPCS,"3634 LALA RD, LIHUE, HI",http://www.kawaikini.com/,"KAWAIKINI NCPCS 3634 LALA RD, LIHUE, HI",HI7-565,
141,STAR OF THE NORTH SECONDARY SCHOOL,"2945 MONK COURT, NORTH POLE, AK",http://www.k12northstar.org/starofthenorth,"STAR OF THE NORTH SECONDARY SCHOOL 2945 MONK COURT, NORTH POLE, AK",AK169030,
142,CHINOOK MONTESSORI CHARTER SCHOOL,"3002 INTERNATIONAL ST, FAIRBANKS, AK",http://www.k12northstar.org/chinook,"CHINOOK MONTESSORI CHARTER SCHOOL 3002 INTERNATIONAL ST, FAIRBANKS, AK",AK169010,
143,JOSEPH K. LUMSDEN BAHWETING ANISHNABE ACADEMY,"1301 MARQUETTE AVE, SAULT SAINTE MARIE, MI",http://www.jklschool.org/,"JOSEPH K. LUMSDEN BAHWETING ANISHNABE ACADEMY 1301 MARQUETTE AVE, SAULT SAINTE MARIE, MI",MI8063,
144,CANNON RIVER STEM SCHOOL,"1800 14TH ST NE, FARIBAULT, MN",http://cannonriverstemschool.org/,"CANNON RIVER STEM SCHOOL 1800 14TH ST NE, FARIBAULT, MN",MN74194010,
145,JANESVILLE VIRTUAL ACADEMY,"1831 MOUNT ZION AVE, JANESVILLE, WI",http://www.janesville.k12.wi.us/,"JANESVILLE VIRTUAL ACADEMY 1831 MOUNT ZION AVE, JANESVILLE, WI",WI420,
146,IVY PREPARATORY YOUNG MEN'S LEADERSHIP ACADEMY SCH,"1807 MEMORIAL DR SE, ATLANTA, GA",http://www.ivyprepacademy.org/,"IVY PREPARATORY YOUNG MEN'S LEADERSHIP ACADEMY SCH 1807 MEMORIAL DR SE, ATLANTA, GA",GA512,
147,CITY HONORS COLLEGE PREPARATORY CHARTER,"155 WEST KELSO AVE, INGLEWOOD, CA",http://www.iusd.net/,"CITY HONORS COLLEGE PREPARATORY CHARTER 155 WEST KELSO AVE, INGLEWOOD, CA",CA1996529,
148,IGNITE PUBLIC SCH AND COMM SERV CTR AT WESLACO,"615 SOUTH INTERNATIONAL, WESLACO, TX",http://www.irra.org/,"IGNITE PUBLIC SCH AND COMM SERV CTR AT WESLACO 615 SOUTH INTERNATIONAL, WESLACO, TX",TX108801003,
149,INVICTUS HIGH SCHOOL,"3120 EUCLID AVE, CLEVELAND, OH",http://www.invictushigh.org/,"INVICTUS HIGH SCHOOL 3120 EUCLID AVE, CLEVELAND, OH",OH133835,
150,FLORIDA INTERCULTURAL ACADEMY,"1704 BUCHANAN ST, HOLLYWOOD, FL",http://www.interculturalacademy.com/,"FLORIDA INTERCULTURAL ACADEMY 1704 BUCHANAN ST, HOLLYWOOD, FL",FL5361,
151,INTELLI-SCHOOL - PARADISE VALLEY,"1427 EAST BELL RD, PHOENIX, AZ",http://www.intellischool.org/,"INTELLI-SCHOOL - PARADISE VALLEY 1427 EAST BELL RD, PHOENIX, AZ",AZ10746,
152,IMAGINE COOLIDGE ELEMENTARY,"1290 WEST VAH KI INN RD, COOLIDGE, AZ",http://www.imaginecoolidge.com/,"IMAGINE COOLIDGE ELEMENTARY 1290 WEST VAH KI INN RD, COOLIDGE, AZ",AZ89787,
153,IGENERATION EMPOWERMENT ACADEMY,"600 NORTH CONGRESS AVE, DELRAY BEACH, FL",http://www.igenacademy.org/,"IGENERATION EMPOWERMENT ACADEMY 600 NORTH CONGRESS AVE, DELRAY BEACH, FL",FL4011,
154,IDEA QUEST ACADEMY,"14001 NORTH ROOTH RD, EDINBURG, TX",http://www.ideapublicschools.com/,"IDEA QUEST ACADEMY 14001 NORTH ROOTH RD, EDINBURG, TX",TX108807102,
155,LAKE ERIE COLLEGE PREPARATORY SCHOOL,"14405 SAINT CLAIR AVE, CLEVELAND, OH",http://www.icanschools.org/lake-erie-preparatory-school,"LAKE ERIE COLLEGE PREPARATORY SCHOOL 14405 SAINT CLAIR AVE, CLEVELAND, OH",OH13132,
156,HUSTON ACADEMY,"680 PEACH ORCHARD RD, STEPHENVILLE, TX",http://www.hustonacademy.com/,"HUSTON ACADEMY 680 PEACH ORCHARD RD, STEPHENVILLE, TX",TX72802001,
157,COOLEY MIDDLE SCHOOL,"1100 SOUTH RECKER RD, GILBERT, AZ",http://www.husd.org/cooley,"COOLEY MIDDLE SCHOOL 1100 SOUTH RECKER RD, GILBERT, AZ",AZ92259,
158,HUMES PREPARATORY ACADEMY - UPPER SCHOOL,"659 NORTH MANASSAS ST, MEMPHIS, TN",http://www.humespa.org/,"HUMES PREPARATORY ACADEMY - UPPER SCHOOL 659 NORTH MANASSAS ST, MEMPHIS, TN",TN8015,
159,CHALLENGE EARLY COLLEGE H S,"5601 WEST LOOP SOUTH, HOUSTON, TX",http://www.houstonisd.org/Domain/22641,"CHALLENGE EARLY COLLEGE H S 5601 WEST LOOP SOUTH, HOUSTON, TX",TX101912323,
160,HILLTOWN COOPERATIVE CHARTER PUBLIC SCHOOL,"132 MAIN ST, HAYDENVILLE, MA",http://www.hilltowncharter.org/,"HILLTOWN COOPERATIVE CHARTER PUBLIC SCHOOL 132 MAIN ST, HAYDENVILLE, MA",MA4500105,
161,HIGH TECH MIDDLE CHULA VISTA,"1949 DISCOVERY FALLS DR, CHULA VISTA, CA",http://www.hightechhigh.org/schools/HTHCV/,"HIGH TECH MIDDLE CHULA VISTA 1949 DISCOVERY FALLS DR, CHULA VISTA, CA",CA123042,
162,UPLIFT EDUCATION - HEIGHTS PREP PRI,"2650 CANADA DR, DALLAS, TX",http://www.heightsprep.org/,"UPLIFT EDUCATION - HEIGHTS PREP PRI 2650 CANADA DR, DALLAS, TX",TX57842103,
163,DR RICHARD IZQUIERDO HEALTH AND SCIENCE CHARTER SC,"800 HOME STRM 205, BRONX, NY",http://www.healthscienceschool.org/,"DR RICHARD IZQUIERDO HEALTH AND SCIENCE CHARTER SC 800 HOME STRM 205, BRONX, NY",NY321200860965,
164,GREEN WOODS CS,"119 RECTOR ST, PHILADELPHIA, PA",http://www.greenwoodscharter.org/,"GREEN WOODS CS 119 RECTOR ST, PHILADELPHIA, PA",PA7748,
165,ANIMO WESTSIDE CHARTER MIDDLE,"7615 COWAN AVE, LOS ANGELES, CA",http://ca.greendot.org/westside/,"ANIMO WESTSIDE CHARTER MIDDLE 7615 COWAN AVE, LOS ANGELES, CA",CA122499,
166,C.M. GRANT LEADERSHIP ACADEMY,"2030 LEONARD AVE, COLUMBUS, OH",http://www.grantleadership.com/,"C.M. GRANT LEADERSHIP ACADEMY 2030 LEONARD AVE, COLUMBUS, OH",OH9163,
167,GOLDEN RULE SOUTHWEST,"10747 BRUTON RD, DALLAS, TX",http://www.goldenruledallas.org/apps/pages/index.jsp?uREC_ID=88337&type=d&pREC_ID=178530&hideMenu=1,"GOLDEN RULE SOUTHWEST 10747 BRUTON RD, DALLAS, TX",TX57835103,
168,GLOBAL LEARNING CHARTER PUBLIC SCHOOL,"190 ASHLEY BLVD, NEW BEDFORD, MA",http://www.glcps.org/,"GLOBAL LEARNING CHARTER PUBLIC SCHOOL 190 ASHLEY BLVD, NEW BEDFORD, MA",MA4960305,
169,GLASS CITY ACADEMY,"1000 MONROE ST, TOLEDO, OH",http://www.glasscityacademy.org/,"GLASS CITY ACADEMY 1000 MONROE ST, TOLEDO, OH",OH131,
170,GIRLS ATHLETIC LEADERSHIP SCHOOL,"200 SOUTH UNIVERSITY BLVD, DENVER, CO",http://www.galschools.org/,"GIRLS ATHLETIC LEADERSHIP SCHOOL 200 SOUTH UNIVERSITY BLVD, DENVER, CO",CO3639,
171,SMITH ACADEMY FOR EXCELLENCE,"725 WEST WASHINGTON BLVD, FORT WAYNE, IN",http://www.fwsafe.com/,"SMITH ACADEMY FOR EXCELLENCE 725 WEST WASHINGTON BLVD, FORT WAYNE, IN",IN242,
172,FOCUS ACADEMY,"304 DRUID HILLS RD, TEMPLE TERRACE, FL",http://www.focusacademytampa.org/,"FOCUS ACADEMY 304 DRUID HILLS RD, TEMPLE TERRACE, FL",FL7672,
173,FLAGSTAFF JUNIOR ACADEMY,"306 WEST CEDAR AVE, FLAGSTAFF, AZ",http://www.fjacademy.com/,"FLAGSTAFF JUNIOR ACADEMY 306 WEST CEDAR AVE, FLAGSTAFF, AZ",AZ4851,
174,HOPE OF DETROIT ACADEMY CONSORTIUM HIGH SCHOOL,"4366 MILITARY ST, DETROIT, MI",http://www.ferris.edu/charterschools,"HOPE OF DETROIT ACADEMY CONSORTIUM HIGH SCHOOL 4366 MILITARY ST, DETROIT, MI",MI9155,
175,FALLBROOK COLLEGE PREPARATORY ACADEMY,"12512 WALTERS RD, HOUSTON, TX",http://www.fallbrookcpa.org/,"FALLBROOK COLLEGE PREPARATORY ACADEMY 12512 WALTERS RD, HOUSTON, TX",TX101867001,
176,EVERGLADES PREPARATORY ACADEMY HIGH SCHOOL,"2251 EAST MOWRY DR, HOMESTEAD, FL",http://www.evergladesprep.com/pages/Everglades_Preparatory_Academy,"EVERGLADES PREPARATORY ACADEMY HIGH SCHOOL 2251 EAST MOWRY DR, HOMESTEAD, FL",FL7060,
177,EEL RIVER CHARTER,"76350 MAIN ST, COVELO, CA",http://www.eelriverschool.net/,"EEL RIVER CHARTER 76350 MAIN ST, COVELO, CA",CA2330272,
178,FORT MYERS PREPARATORY AND FITNESS ACADEMY,"4740 SOUTH CLEVELAND AVE, FT MYERS, FL",http://unitycsfm.org,"FORT MYERS PREPARATORY AND FITNESS ACADEMY 4740 SOUTH CLEVELAND AVE, FT MYERS, FL",FL4241,
179,VANTAGE POINT CHARTER,"10862 SPENCEVILLE RD, PENN VALLEY, CA",http://www.edlinesites.net/pages/Vantage_Point_Charter/,"VANTAGE POINT CHARTER 10862 SPENCEVILLE RD, PENN VALLEY, CA",CA6111371,
180,E.C.H.O. CHARTER SCHOOL,"101 ROCKET AVE, ECHO, MN",http://www.echo.charter.k12.mn.us/,"E.C.H.O. CHARTER SCHOOL 101 ROCKET AVE, ECHO, MN",MN74026010,
181,EAST PREPARATORY ACADEMY,"4129 SUPERIOR AVE, CLEVELAND, OH",http://www.eastprep.org/,"EAST PREPARATORY ACADEMY 4129 SUPERIOR AVE, CLEVELAND, OH",OH14147,
182,EAGLE ACADEMY,"2014 CONSAUL ST, TOLEDO, OH",http://www.eagletoledo.com/,"EAGLE ACADEMY 2014 CONSAUL ST, TOLEDO, OH",OH143552,
183,EAGLE RIDGE ACADEMY CHARTER SCHOOL,"7255 FLYING CLOUD DR, EDEN PRAIRIE, MN",http://www.eagleridgeacademy.net/,"EAGLE RIDGE ACADEMY CHARTER SCHOOL 7255 FLYING CLOUD DR, EDEN PRAIRIE, MN",MN74122010,
184,E-INSTITUTE AT SURPRISE,"16578 WEST GREENWAY RD, SURPRISE, AZ",http://www.e-institute.us/locations/surprise/,"E-INSTITUTE AT SURPRISE 16578 WEST GREENWAY RD, SURPRISE, AZ",AZ81143,
185,E-INSTITUTE AT GROVERS,"4744 WEST GROVERS AVE, GLENDALE, AZ",http://www.e-institute.us/,"E-INSTITUTE AT GROVERS 4744 WEST GROVERS AVE, GLENDALE, AZ",AZ90389,
186,DETROIT LEADERSHIP ACADEMY MIDDLE/HIGH,"5845 AUBURN ST, DETROIT, MI",http://www.dlachampion.org,"DETROIT LEADERSHIP ACADEMY MIDDLE/HIGH 5845 AUBURN ST, DETROIT, MI",MI2222,
187,XINAXCALMECAC ACADEMIA SEMILLAS DEL PUEBLO,"4736 HNTNGTN DR, LOS ANGELES, CA",http://www.dignidad.org/,"XINAXCALMECAC ACADEMIA SEMILLAS DEL PUEBLO 4736 HNTNGTN DR, LOS ANGELES, CA",CA6119929,
188,D C PREP BENNING ELEMENTARY PCS,"100 41ST ST NE, WASHINGTON, DC",http://www.dcprep.org/Benning_Elementary_Campus,"D C PREP BENNING ELEMENTARY PCS 100 41ST ST NE, WASHINGTON, DC",DC1110,
189,DAVID ELLIS ACADEMY,"18977 SCHAEFER HWY, DETROIT, MI",http://www.davidellisacademy.com/,"DAVID ELLIS ACADEMY 18977 SCHAEFER HWY, DETROIT, MI",MI8670,
190,CROSSROADS CHARTER HIGH,"5500 NORTH TRYON STEET, CHARLOTTE, NC",http://www.crossroadscharter.org/,"CROSSROADS CHARTER HIGH 5500 NORTH TRYON STEET, CHARLOTTE, NC",NC0,
191,CROSSNORE ACADEMY,"129 ALLEN CIRCLE, CROSSNORE, NC",http://www.crossnoreschool.org/,"CROSSNORE ACADEMY 129 ALLEN CIRCLE, CROSSNORE, NC",NC0,
192,CENTRAL PA DIGITAL LRNG FOUNDATION CS,"721 NORTH JUNIATA ST, HOLLIDAYSBURG, PA",http://www.cpdlf.org/,"CENTRAL PA DIGITAL LRNG FOUNDATION CS 721 NORTH JUNIATA ST, HOLLIDAYSBURG, PA",PA7720,
193,CORVIAN COMMUNITY SCHOOL,"9501 DAVID TAYLOR DR, CHARLOTTE, NC",http://www.corvian.org/,"CORVIAN COMMUNITY SCHOOL 9501 DAVID TAYLOR DR, CHARLOTTE, NC",NC0,
194,CORE BUTTE CHARTER,"260 COHASSET RD, CHICO, CA",http://www.corebutte.org/,"CORE BUTTE CHARTER 260 COHASSET RD, CHICO, CA",CA114991,
195,CORAL ACADEMY CHARTER SCHOOL SECONDARY,"1350 EAST NINTH ST, RENO, NV",http://www.coralacademy.org/,"CORAL ACADEMY CHARTER SCHOOL SECONDARY 1350 EAST NINTH ST, RENO, NV",NV16312,
196,NEVADA CONNECTIONS ACADEMY,"175 SALOMON CIRCLE, SPARKS, NV",http://www.connectionsacademy.com/nevada-virtual-school/,"NEVADA CONNECTIONS ACADEMY 175 SALOMON CIRCLE, SPARKS, NV",NV18405,
197,WALNUT PARK,"5421 THEKLA AVE, ST LOUIS, MO",http://www.confluenceacademy.com/,"WALNUT PARK 5421 THEKLA AVE, ST LOUIS, MO",MO6931115906,
198,COMPASS MONTESSORI - WHEAT RIDGE CHARTER SCHOOL,"10399 WEST 44TH AVE, WHEAT RIDGE, CO",http://www.compassmontessori.org/,"COMPASS MONTESSORI - WHEAT RIDGE CHARTER SCHOOL 10399 WEST 44TH AVE, WHEAT RIDGE, CO",CO1869,
199,MARTIN LUTHER KING ELEMENTARY,"600 EAST BARNEY, MUSKEGON HEIGHTS, MI",http://www.mhtigers.org/schools/dr-martin-luther-king-academy/,"MARTIN LUTHER KING ELEMENTARY 600 EAST BARNEY, MUSKEGON HEIGHTS, MI",MI730,
200,COASTAL ACADEMY,"4183 AVENIDA DE LA PLATA, OCEANSIDE, CA",http://www.classicalacademy.com/coastal/,"COASTAL ACADEMY 4183 AVENIDA DE LA PLATA, OCEANSIDE, CA",CA101071,
201,CITY ON A HILL CHARTER PUBLIC SCHOOL II,"197 CENTRE ST, DORCHESTER, MA",http://www.cityonahill.org/,"CITY ON A HILL CHARTER PUBLIC SCHOOL II 197 CENTRE ST, DORCHESTER, MA",MA35040505,
202,CIRCLES OF SUCCESS LEARNING ACADEMY,"867 SOUTH PARKWAY EAST, MEMPHIS, TN",http://www.circlesofsuccess.org/,"CIRCLES OF SUCCESS LEARNING ACADEMY 867 SOUTH PARKWAY EAST, MEMPHIS, TN",TN8201,
203,CHICAGO PARK COMMUNITY CHARTER,"15725 MOUNT OLIVE RD, GRASS VALLEY, CA",http://www.chicagoparkschool.org/,"CHICAGO PARK COMMUNITY CHARTER 15725 MOUNT OLIVE RD, GRASS VALLEY, CA",CA125013,
204,CHANDLER PARK ACADEMY - ELEMENTARY,"20200 KELLY RD, HARPER WOODS, MI",http://www.chandlerparkacademy.net/index.php/schools/elementary-school.html,"CHANDLER PARK ACADEMY - ELEMENTARY 20200 KELLY RD, HARPER WOODS, MI",MI8915,
205,CEDAR TREE ACADEMY PCS,"701 HOWARD RD SE, WASHINGTON, DC",http://www.cedartree-dc.org/,"CEDAR TREE ACADEMY PCS 701 HOWARD RD SE, WASHINGTON, DC",DC188,
206,CAPITAL CITY LOWER PCS,"100 PEABODY ST NW, WASHINGTON, DC",http://www.ccpcs.org/,"CAPITAL CITY LOWER PCS 100 PEABODY ST NW, WASHINGTON, DC",DC184,
207,CARDINAL COMMUNITY ACADEMY CHARTER SCHOOL,"3101 WCR 65, KEENESBURG, CO",http://www.ccaschool.net,"CARDINAL COMMUNITY ACADEMY CHARTER SCHOOL 3101 WCR 65, KEENESBURG, CO",CO1299,
208,CAMINO NUEVO CHARTER ACADEMY NO. 4,"1018 MOHAWK ST, LOS ANGELES, CA",http://www.caminonuevo.org/,"CAMINO NUEVO CHARTER ACADEMY NO. 4 1018 MOHAWK ST, LOS ANGELES, CA",CA124826,
209,CAMARILLO ACADEMY OF PROGRESSIVE EDUCATION,"777 AILEEN ST, CAMARILLO, CA",http://www.camarillocharter.org/,"CAMARILLO ACADEMY OF PROGRESSIVE EDUCATION 777 AILEEN ST, CAMARILLO, CA",CA115105,
210,BRIDGEWATER ACADEMY CHARTER,"191 RIVER LANDING BLVD, MYRTLE BEACH, SC",http://www.bridgewateracademy.org/,"BRIDGEWATER ACADEMY CHARTER 191 RIVER LANDING BLVD, MYRTLE BEACH, SC",SC601,
211,THE JAMES AND GRACE LEE BOGGS SCHOOL,"4141 MITCHELL ST, DETROIT, MI",http://www.boggsschool.org/,"THE JAMES AND GRACE LEE BOGGS SCHOOL 4141 MITCHELL ST, DETROIT, MI",MI2073,
212,BANNING LEWIS RANCH ACADEMY,"7094 COTTONWOOD TREE DR, COLORADO SPRINGS, CO",http://www.blracademy.org/,"BANNING LEWIS RANCH ACADEMY 7094 COTTONWOOD TREE DR, COLORADO SPRINGS, CO",CO555,
213,THE BLOOMINGTON PROJECT SCHOOL,"349 SOUTH WALNUT ST, BLOOMINGTON, IN",http://www.bloomingtonprojectschool.org/,"THE BLOOMINGTON PROJECT SCHOOL 349 SOUTH WALNUT ST, BLOOMINGTON, IN",IN6215,
214,BAY HAVEN CHARTER ACADEMY,"2501 HAWKS LANDING BLVD, PANAMA CITY, FL",http://www.bayhaven.org/,"BAY HAVEN CHARTER ACADEMY 2501 HAWKS LANDING BLVD, PANAMA CITY, FL",FL701,
215,BEN GAMLA CHARTER SCHOOL SOUTH BROWARD,"6511 WEST SUNRISE BLVD, PLANTATION, FL",http://www.bengamlaplantation.org/,"BEN GAMLA CHARTER SCHOOL SOUTH BROWARD 6511 WEST SUNRISE BLVD, PLANTATION, FL",FL5392,
216,BELLE CREEK CHARTER SCHOOL,"9290 EAST 107TH AVE, HENDERSON, CO",http://www.bellecreekcs.org/,"BELLE CREEK CHARTER SCHOOL 9290 EAST 107TH AVE, HENDERSON, CO",CO700,
217,BUCKS COUNTY MONTESSORI CS,"219 TYBURN RD, FAIRLESS HILLS, PA",http://www.bcmcs.com/,"BUCKS COUNTY MONTESSORI CS 219 TYBURN RD, FAIRLESS HILLS, PA",PA7670,
218,BLACKFOOT CHARTER COMMUNITY,"2801 HUNTER LOOP, BLACKFOOT, ID",http://www.bcclc.com/,"BLACKFOOT CHARTER COMMUNITY 2801 HUNTER LOOP, BLACKFOOT, ID",ID477 801,
219,BAYSHORE PREPARATORY CHARTER,"1175 LINDA VISTA DR, SAN MARCOS, CA",http://www.bayshoreprep.org/,"BAYSHORE PREPARATORY CHARTER 1175 LINDA VISTA DR, SAN MARCOS, CA",CA109785,
220,BASIS TUCSON,"3825 EAST 2ND ST, TUCSON, AZ",http://www.basistucson.org/,"BASIS TUCSON 3825 EAST 2ND ST, TUCSON, AZ",AZ6065,
221,CITY SPRINGS ELEMENTARY,"100 SOUTH CAROLINE ST, BALTIMORE, MD",http://www.baltimorecityschools.org/8,"CITY SPRINGS ELEMENTARY 100 SOUTH CAROLINE ST, BALTIMORE, MD",MD300008,
222,ACADEMY FOR SCIENCE AND DESIGN CHARTER (M),"486 AMHERST ST, NASHUA, NH",http://www.asdnh.org/,"ACADEMY FOR SCIENCE AND DESIGN CHARTER (M) 486 AMHERST ST, NASHUA, NH",NH672572528580,
223,ST. JOHNS COMMUNITY CAMPUS,"62 CUNA ST, ST AUGUSTINE, FL",http://www.arcsj.org/communitycampus.html,"ST. JOHNS COMMUNITY CAMPUS 62 CUNA ST, ST AUGUSTINE, FL",FL72,
224,APPLETON PUBLIC MONTESSORI,"1545 EAST BROADWAY DR, GRAND CHUTE, WI",http://www.appletonpublicmontessori.com/,"APPLETON PUBLIC MONTESSORI 1545 EAST BROADWAY DR, GRAND CHUTE, WI",WI145,
225,ACADEMY FOR MATH ENGINEERING & SCIENCE (AMES),"5715 SOUTH 1300 EAST, SALT LAKE CITY, UT",http://www.ames-slc.org/,"ACADEMY FOR MATH ENGINEERING & SCIENCE (AMES) 5715 SOUTH 1300 EAST, SALT LAKE CITY, UT",UT83700,
226,ALTA VISTA CHARTER SCHOOL,"1722 HOLLY ST, KANSAS CITY, MO",http://guadalupecenters.org/about-guadalupe-education-centers/guadalupe-centers-highschool/,"ALTA VISTA CHARTER SCHOOL 1722 HOLLY ST, KANSAS CITY, MO",MO1925048902,
227,ALPHA INTERNATIONAL ACADEMY,"520 NW 5TH ST, HALLANDALE BEACH, FL",http://www.alphainternationalacademy.com/,"ALPHA INTERNATIONAL ACADEMY 520 NW 5TH ST, HALLANDALE BEACH, FL",FL5421,
228,ALL TRIBES CHARTER,"34320 VALLEY CENTER RD, VALLEY CENTER, CA",http://www.alltribescharter.org/,"ALL TRIBES CHARTER 34320 VALLEY CENTER RD, VALLEY CENTER, CA",CA6119275,
229,ACADEMIC AND CAREER EDUCATION ACADEMY,"884 EAST ISABELLA RD, MIDLAND, MI",http://www.aceaofmidland.org/,"ACADEMIC AND CAREER EDUCATION ACADEMY 884 EAST ISABELLA RD, MIDLAND, MI",MI9696,
230,ACADEMY OF TUCSON MIDDLE SCHOOL,"7310 EAST 22ND ST, TUCSON, AZ",http://www.academyoftucson.com/middle-school/middle-school-home,"ACADEMY OF TUCSON MIDDLE SCHOOL 7310 EAST 22ND ST, TUCSON, AZ",AZ79986,
231,ACADEMY CHARTER HIGH SCHOOL,"1725 MAIN ST, LAKE COMO, NJ",http://www.academycharterhs.org/pages/mainpg,"ACADEMY CHARTER HIGH SCHOOL 1725 MAIN ST, LAKE COMO, NJ",NJ910,
232,LA ACADEMIA DE ESTRELLAS,"125 SUNSET, DALLAS, TX",http://laetx.org,"LA ACADEMIA DE ESTRELLAS 125 SUNSET, DALLAS, TX",TX57839101,
233,ACADEMY OF ARTS AND SCIENCES: OXNARD & VENTURA,"900 HAMPSHIRE RD, WESTLAKE VILLAGE, CA",http://www.aascalifornia.org/,"ACADEMY OF ARTS AND SCIENCES: OXNARD & VENTURA 900 HAMPSHIRE RD, WESTLAKE VILLAGE, CA",CA127076,
234,MILLENNIUM COMMUNITY SCHOOL,"3500 REFUGEE RD, COLUMBUS, OH",http://www.2kschool.com/,"MILLENNIUM COMMUNITY SCHOOL 3500 REFUGEE RD, COLUMBUS, OH",OH133561,
235,WESTAR ELEMENTARY SCHOOL,"17777 WEST WESTAR DR, GOODYEAR, AZ",http://westar.liberty.k12.az.us/,"WESTAR ELEMENTARY SCHOOL 17777 WEST WESTAR DR, GOODYEAR, AZ",AZ79846,
236,WALATOWA CHARTER HIGH,"147 BEAR HEAD CANYON, JEMEZ PUEBLO, NM",http://walatowahcs.org/,"WALATOWA CHARTER HIGH 147 BEAR HEAD CANYON, JEMEZ PUEBLO, NM",NM1,
237,MAGNOLIA SCIENCE ACADEMY 7,"18355 ROSCOE BLVD, NORTHRIDGE, CA",http://vannuys.magnoliascience.org/,"MAGNOLIA SCIENCE ACADEMY 7 18355 ROSCOE BLVD, NORTHRIDGE, CA",CA117655,
238,TRIO WOLF CREEK DISTANCE LEARNING,"10363 LIBERTY LN, CHISAGO CITY, MN",http://triowolfcreek.com/,"TRIO WOLF CREEK DISTANCE LEARNING 10363 LIBERTY LN, CHISAGO CITY, MN",MN74095010,
239,BROADWAY ACADEMY,"3398 EAST 55TH ST, CLEVELAND, OH",http://the-academies.com/Locations/Broadway-Academy/,"BROADWAY ACADEMY 3398 EAST 55TH ST, CLEVELAND, OH",OH12684,
240,THE CLASSICAL ACADEMY HIGH SCHOOL,"975 STOUT RD, COLORADO SPRINGS, CO",http://tcatitans.org/,"THE CLASSICAL ACADEMY HIGH SCHOOL 975 STOUT RD, COLORADO SPRINGS, CO",CO1630,
241,STAMFORD ACADEMY,"229 NORTH ST, STAMFORD, CT",http://stamfordacademy.org/,"STAMFORD ACADEMY 229 NORTH ST, STAMFORD, CT",CT60,
242,"SOMERSET ACADEMY-MIDDLE, EAGLE CAMPUS","8985 LONE STAR RD, JACKSONVILLE, FL",http://somersetsilverpalms.net/,"SOMERSET ACADEMY-MIDDLE, EAGLE CAMPUS 8985 LONE STAR RD, JACKSONVILLE, FL",FL1261,
243,ARROYO VISTA CHARTER,"2491 SCH HOUSE RD, CHULA VISTA, CA",http://schools.cvesd.org/schools/arroyovista/Pages/default.aspx,"ARROYO VISTA CHARTER 2491 SCH HOUSE RD, CHULA VISTA, CA",CA6116859,
244,RINCON VISTA MIDDLE SCHOOL,"10770 EAST BILBY RD, TUCSON, AZ",http://rvms.vail.k12.az.us/,"RINCON VISTA MIDDLE SCHOOL 10770 EAST BILBY RD, TUCSON, AZ",AZ90156,
245,PITTMAN CHARTER,"701 EAST PARK ST, STOCKTON, CA",http://rpes-susd-ca.schoolloop.com/,"PITTMAN CHARTER 701 EAST PARK ST, STOCKTON, CA",CA111336,
246,PREMIER H S OF PHARR,"200 EAST EXPY 83, PHARR, TX",http://responsiveed.com/premierpharrmcallen/,"PREMIER H S OF PHARR 200 EAST EXPY 83, PHARR, TX",TX72801115,
247,PREMIER H S OF NEW BRAUNFELS,"1928 SOUTH SEGUIN AVE, NEW BRAUNFELS, TX",http://responsiveed.com/premiernewbraunfels/,"PREMIER H S OF NEW BRAUNFELS 1928 SOUTH SEGUIN AVE, NEW BRAUNFELS, TX",TX72801136,
248,VISTA ACADEMY OF HUNTSVILLE,"2407 A SAM HOUSTON AVE, HUNTSVILLE, TX",http://responsiveed.com/huntsvilleclassical/,"VISTA ACADEMY OF HUNTSVILLE 2407 A SAM HOUSTON AVE, HUNTSVILLE, TX",TX221801005,
249,VISTA ACADEMY OF DALLAS,"7300 BRUTON RD, DALLAS, TX",http://responsiveed.com/dallasclassical/,"VISTA ACADEMY OF DALLAS 7300 BRUTON RD, DALLAS, TX",TX221801006,
250,ROOSEVELT CHILDREN'S ACADEMY CHARTER SCHOOL,"105 PLEASANT AVE, ROOSEVELT, NY",http://rcacs.org/,"ROOSEVELT CHILDREN'S ACADEMY CHARTER SCHOOL 105 PLEASANT AVE, ROOSEVELT, NY",NY280208860024,
251,SAND RIDGE CHARTER SCHOOL,"30581 SODAVILLEMT HOME RD, LEBANON, OR",http://pieschools.info/SandRidgeCharterSchools.htm/,"SAND RIDGE CHARTER SCHOOL 30581 SODAVILLEMT HOME RD, LEBANON, OR",OR3505,
252,PACIFIC HERITAGE ACADEMY,"1755 WEST 1100 NORTH, SALT LAKE CITY, UT",http://phlearning.org/,"PACIFIC HERITAGE ACADEMY 1755 WEST 1100 NORTH, SALT LAKE CITY, UT",UT7H100,
253,REID TRADITIONAL SCHOOLS' PAINTED ROCK ACADEMY,"14841 NORTH BLACK CANYON HWY, PHOENIX, AZ",http://paintedrockacademy.com/,"REID TRADITIONAL SCHOOLS' PAINTED ROCK ACADEMY 14841 NORTH BLACK CANYON HWY, PHOENIX, AZ",AZ91318,
254,LEGACY TRADITIONAL SCHOOL - NORTHWEST TUCSON,"3500 WEST CORTARO FARMS RD, TUCSON, AZ",http://nwtucson.legacytraditional.org/,"LEGACY TRADITIONAL SCHOOL - NORTHWEST TUCSON 3500 WEST CORTARO FARMS RD, TUCSON, AZ",AZ91138,
255,MOTT HALL CHARTER SCHOOL,"1260 FRANKLIN AVE, BRONX, NY",http://motthallcharterschool.org/,"MOTT HALL CHARTER SCHOOL 1260 FRANKLIN AVE, BRONX, NY",NY320900861004,
256,MID-MICHIGAN LEADERSHIP ACADEMY,"730 WEST MAPLE ST, LANSING, MI",http://mmla.sabis.net/,"MID-MICHIGAN LEADERSHIP ACADEMY 730 WEST MAPLE ST, LANSING, MI",MI8323,
257,MARSHALL LANE ELEMENTARY,"14114 MARILYN LN, SARATOGA, CA",http://mlane.campbellusd.org/,"MARSHALL LANE ELEMENTARY 14114 MARILYN LN, SARATOGA, CA",CA6046619,
258,MANITOWOC COUNTY COMPREHENSIVE CHARTER SCHOOL,"1010 HURON ST, MANITOWOC, WI",http://mcccs.manitowocpublicschools.org/,"MANITOWOC COUNTY COMPREHENSIVE CHARTER SCHOOL 1010 HURON ST, MANITOWOC, WI",WI9120,
259,LONGLEAF SCHOOL OF THE ARTS,"207 EAST HARGETT ST, RALEIGH, NC",http://longleafschool.com/,"LONGLEAF SCHOOL OF THE ARTS 207 EAST HARGETT ST, RALEIGH, NC",NC0,
260,LIGHTHOUSE ACADEMY-ST. JOHNS,"2355 KNAPP ST NE, GRAND RAPIDS, MI",http://lighthouseacademyschool.org/,"LIGHTHOUSE ACADEMY-ST. JOHNS 2355 KNAPP ST NE, GRAND RAPIDS, MI",MI1525,
261,LIFE CHARTER SCHOOL,"800 EAST NORTH SHORE DR, HARTLAND, WI",http://life.hartlake.org/,"LIFE CHARTER SCHOOL 800 EAST NORTH SHORE DR, HARTLAND, WI",WI200,
262,LEADERSHIP PREPARATORY ACADEMY,"6400 WOODROW RD, LITHONIA, GA",http://leadershippreparatoryacademy.org/,"LEADERSHIP PREPARATORY ACADEMY 6400 WOODROW RD, LITHONIA, GA",GA311,
263,LA SCHOOL FOR AG SCIENCE,"5303 HWY 115, BUNKIE, LA",http://lasas.la.asa.schoolinsites.com/?PageName='Contact',"LA SCHOOL FOR AG SCIENCE 5303 HWY 115, BUNKIE, LA",LA5025,
264,KIPP ASPIRE ACADEMY,"735 FREDREICKSBURG RD, SAN ANTONIO, TX",http://kippsa.org/our-schools/kipp-aspire-academy/,"KIPP ASPIRE ACADEMY 735 FREDREICKSBURG RD, SAN ANTONIO, TX",TX15826041,
265,KIPP GENERATIONS COLLEGIATE,"500 EAST TIDWELL, HOUSTON, TX",http://kipphouston.org/generations/,"KIPP GENERATIONS COLLEGIATE 500 EAST TIDWELL, HOUSTON, TX",TX101813004,
266,KANU O KA AINA - NEW CENTURY PCS,"651170 OPELO RD, KAMUELA, HI",http://kalo.org/,"KANU O KA AINA - NEW CENTURY PCS 651170 OPELO RD, KAMUELA, HI",HI5-397,
267,JAMAA LEARNING CENTER,"7220 NORTH LINDBERGH BLVD, ST. LOUIS, MO",http://jamaalearningcenter.org/,"JAMAA LEARNING CENTER 7220 NORTH LINDBERGH BLVD, ST. LOUIS, MO",MO6985115921,
268,ISUCCEED VIRTUAL HIGH SCHOOL,"6148 NORTH DISCOVERY WAY, BOISE, ID",http://isucceed.insightschools.net/,"ISUCCEED VIRTUAL HIGH SCHOOL 6148 NORTH DISCOVERY WAY, BOISE, ID",ID466 801,
269,INNOVATIONS ACADEMY,"10380 SPRING CANYON RD, SAN DIEGO, CA",http://innovationsacademy.org/,"INNOVATIONS ACADEMY 10380 SPRING CANYON RD, SAN DIEGO, CA",CA118083,
270,IDEA CHARTER SCHOOL,"4704 CAMP PHILLIPS RD, WESTON, WI",http://www.dce.k12.wi.us/Domain/17,"IDEA CHARTER SCHOOL 4704 CAMP PHILLIPS RD, WESTON, WI",WI400,
271,HARMONY SCHOOL OF SCIENCE - HOUSTON,"13415 WEST BELFORT, SUGARLAND, TX",http://hsshouston.org/,"HARMONY SCHOOL OF SCIENCE - HOUSTON 13415 WEST BELFORT, SUGARLAND, TX",TX101862001,
272,HIGHLAND FREE SCHOOL,"510 SOUTH HIGHLAND AVE, TUCSON, AZ",http://highlandfreeschool.org/,"HIGHLAND FREE SCHOOL 510 SOUTH HIGHLAND AVE, TUCSON, AZ",AZ79115,
273,ANIMO SOUTH LOS ANGELES CHARTER,"11130 W.ERN AVE, LOS ANGELES, CA",http://greendot.finalsite.com/page.cfm?p=3860,"ANIMO SOUTH LOS ANGELES CHARTER 11130 W.ERN AVE, LOS ANGELES, CA",CA102434,
274,GOWAN SCIENCE ACADEMY,"1590 SOUTH AVE C, YUMA, AZ",http://gowan.craneschools.org/,"GOWAN SCIENCE ACADEMY 1590 SOUTH AVE C, YUMA, AZ",AZ91908,
275,GIRLS PREPARATORY CHARTER SCHOOL OF THE BRONX,"681 KELLY STRM 205, BRONX, NY",http://girlsprep.org/,"GIRLS PREPARATORY CHARTER SCHOOL OF THE BRONX 681 KELLY STRM 205, BRONX, NY",NY320800860940,
276,GILLINGHAM CHARTER SCHOOL,"915 HOWARD AVE, POTTSVILLE, PA",http://gillinghamcharterschool.org/,"GILLINGHAM CHARTER SCHOOL 915 HOWARD AVE, POTTSVILLE, PA",PA8161,
277,FREDERICK CLASSICAL CHARTER SCHOOL,"8445 SPIRES WAY, FREDERICK, MD",http://frederickclassicalcharterschool.org/,"FREDERICK CLASSICAL CHARTER SCHOOL 8445 SPIRES WAY, FREDERICK, MD",MD101301,
278,JOSEPH S. CLARK PREPARATORY HIGH SCHOOL,"1301 NORTH DERBIGNY ST, NEW ORLEANS, LA",http://firstlineschools.org/joseph-s-clark-preparatory-high-school/,"JOSEPH S. CLARK PREPARATORY HIGH SCHOOL 1301 NORTH DERBIGNY ST, NEW ORLEANS, LA",LA399003,
279,ARTHUR ASHE CHARTER SCHOOL,"3649 LAUREL ST, NEW ORLEANS, LA",http://firstlineschools.org/arthur-ashe-charter-school/,"ARTHUR ASHE CHARTER SCHOOL 3649 LAUREL ST, NEW ORLEANS, LA",LA399002,
280,EXCELLENCE BOYS CHARTER SCHOOL OF BEDFORD STUYVESA,"225 PATCHEN AVE, BROOKLYN, NY",http://excellenceboys.uncommonschools.org/,"EXCELLENCE BOYS CHARTER SCHOOL OF BEDFORD STUYVESA 225 PATCHEN AVE, BROOKLYN, NY",NY331600860860,
281,EVOLUTION ACADEMY CHARTER SCHOOL,"1101 SOUTH SHERMAN, RICHARDSON, TX",http://evolutionacademy.org/,"EVOLUTION ACADEMY CHARTER SCHOOL 1101 SOUTH SHERMAN, RICHARDSON, TX",TX57834001,
282,ENLACE ACADEMY,"3725 KIEL AVE, INDIANAPOLIS, IN",http://enlaceacademy.org/,"ENLACE ACADEMY 3725 KIEL AVE, INDIANAPOLIS, IN",IN5667,
283,ASCEND,"3709 EAST 12TH ST, OAKLAND, CA",http://efcps.org/our-schools/ascend/,"ASCEND 3709 EAST 12TH ST, OAKLAND, CA",CA6118608,
284,DEMOCRACY PREP HARLEM CHARTER SCHOOL,"207 WEST 133RD ST, NEW YORK, NY",http://dphms.democracyprep.org/,"DEMOCRACY PREP HARLEM CHARTER SCHOOL 207 WEST 133RD ST, NEW YORK, NY",NY310500860989,
285,DISCOVERY CHARTER PREPARATORY NO. 2,"12550 VAN NUYS BLVD, PACOIMA, CA",http://discoveryprep.org/,"DISCOVERY CHARTER PREPARATORY NO. 2 12550 VAN NUYS BLVD, PACOIMA, CA",CA115253,
286,DETROIT COMMUNITY SCHOOLS-HIGH SCHOOL,"12675 BURT RD, DETROIT, MI",http://detcomschools.org/,"DETROIT COMMUNITY SCHOOLS-HIGH SCHOOL 12675 BURT RD, DETROIT, MI",MI8456,
287,DEMING CESAR CHAVEZ,"315 EAST 1ST ST, DEMING, NM",http://dccchs.org/,"DEMING CESAR CHAVEZ 315 EAST 1ST ST, DEMING, NM",NM6,
288,THE COMMUNITY ROOTS SCHOOL,"330 NORTH JAMES ST, SILVERTON, OR",http://crmontessori.org/,"THE COMMUNITY ROOTS SCHOOL 330 NORTH JAMES ST, SILVERTON, OR",OR4746,
289,CLEAR HORIZONS EARLY COLLEGE H S,"13735 BEAMER RD BOX 613, HOUSTON, TX",http://chechs.ccisd.net/,"CLEAR HORIZONS EARLY COLLEGE H S 13735 BEAMER RD BOX 613, HOUSTON, TX",TX84910010,
290,ATHLOS TRADITIONAL ACADEMY,"3201 SOUTH GILBERT RD, CHANDLER, AZ",http://chandler.legacytraditional.org/,"ATHLOS TRADITIONAL ACADEMY 3201 SOUTH GILBERT RD, CHANDLER, AZ",AZ91134,
291,FRANKLIN ACADEMY F,"6301 FLAMINGO RD, COOPER CITY, FL",http://cc.franklin-academy.org/,"FRANKLIN ACADEMY F 6301 FLAMINGO RD, COOPER CITY, FL",FL5046,
292,BAKER WEB ACADEMY,"2090 FOURTH ST, BAKER CITY, OR",http://bakercharters.org/,"BAKER WEB ACADEMY 2090 FOURTH ST, BAKER CITY, OR",OR4728,
293,ASPIRE VANGUARD COLLEGE PREPARATORY ACADEMY,"5255 FIRST ST, EMPIRE, CA",http://aspirepublicschools.org/schools/regions/california-schools/aspire-vanguard-college-preparatory-academy,"ASPIRE VANGUARD COLLEGE PREPARATORY ACADEMY 5255 FIRST ST, EMPIRE, CA",CA120212,
294,ASPIRE ERES ACADEMY,"1936 CT.LAND AVE, OAKLAND, CA",http://aspirepublicschools.org/schools/regions/california-schools/aspire-eres-academy,"ASPIRE ERES ACADEMY 1936 CT.LAND AVE, OAKLAND, CA",CA120188,
295,BENTON COUNTY SCHOOL OF ARTS/ELEM./MID,"2005 SOUTH 12TH ST, ROGERS, AR",http://artsk12.org/,"BENTON COUNTY SCHOOL OF ARTS/ELEM./MID 2005 SOUTH 12TH ST, ROGERS, AR",AR440701,
296,PLC ARTS ACADEMY AT SCOTTSDALE INC.,"7214 EAST JENAN RD, SCOTTSDALE, AZ",http://artsacademyatscottsdale.com/,"PLC ARTS ACADEMY AT SCOTTSDALE INC. 7214 EAST JENAN RD, SCOTTSDALE, AZ",AZ91054,
297,WOODBURN ARTHUR ACADEMY,"575 GATCH ST, WOODBURN, OR",http://waa.arthuracademy.org,"WOODBURN ARTHUR ACADEMY 575 GATCH ST, WOODBURN, OR",OR4230,
298,ARROYO ELEMENTARY SCHOOL,"4535 WEST CHOLLA, GLENDALE, AZ",http://arroyo.wesdschools.org/,"ARROYO ELEMENTARY SCHOOL 4535 WEST CHOLLA, GLENDALE, AZ",AZ5246,
299,ACADEMY OF EDUCATIONAL EXCELLENCE,"4747 HEATHERDOWNS BLVD, TOLEDO, OH",http://aeetoledo.weebly.com/,"ACADEMY OF EDUCATIONAL EXCELLENCE 4747 HEATHERDOWNS BLVD, TOLEDO, OH",OH13195,
300,ACADEMY OF ARTS AND SCIENCES: THOUSAND OAKS & SIMI,"900 HAMPSHIRE RD, WESTLAKE VILLAGE, CA",http://compasscharters.org/,"ACADEMY OF ARTS AND SCIENCES: THOUSAND OAKS & SIMI 900 HAMPSHIRE RD, WESTLAKE VILLAGE, CA",CA127043,
