SCH_NAME,ADDRESSES,NCESSCH,URL,QUERY_RANKING
BALLARD ELEM.,"10247 NE State Route 18, BUTLER, MO 64730",290417000041,https://www.ballardr2.net/vnews/display.v/SEC/Employment,1
BALLARD HIGH,"10247 NE State Route 18, BUTLER, MO 64730",290417000042,https://www.ballardr2.net/vnews/display.v/SEC/Employment,1
BAYLESS ELEMENTARY,"4531 WEBER RD, ST LOUIS, MO 63123",290450000043,http://el.baylessk12.org/administration.html,1
BAYLESS SENIOR HIGH,"4532 WEBER RD, ST LOUIS, MO 63123",290450000044,http://hs.baylessk12.org/,1
BAYLESS JUNIOR HIGH,"4530 WEBER RD, ST LOUIS, MO 63123",290450000715,http://www.baylessk12.org/,1
BELL CITY ELEM.,"25254 WALNUT ST, BELL CITY, MO 63735",290453000046,http://www.bellcity.k12.mo.us/,1
BELL CITY HIGH,"25254 WALNUT ST, BELL CITY, MO 63735",290453000047,http://www.bellcity.k12.mo.us/,1
BELLEVIEW ELEM.,"27431 HWY 32, BELLEVIEW, MO 63623",290459000050,http://www.belleviewbraves.org/,1
CAMBRIDGE ELEM.,"109 W CAMBRIDGE, BELTON, MO 64012",290462000051,https://www.beltonschools.org/Page/147,1
GLADDEN ELEM.,"405 WESTOVER RD, BELTON, MO 64012",290462000052,https://www.beltonschools.org/Page/145,1
HILLCREST STEAM ACADEMY,"106 S HILLCREST RD, BELTON, MO 64012",290462000053,https://www.beltonschools.org/Page/151,1
SCOTT ELEM.,"310 S SCOTT, BELTON, MO 64012",290462000054,https://www.beltonschools.org/Page/431,2
BELTON HIGH,"801 W. North Avenue, BELTON, MO 64012",290462000055,https://www.beltonschools.org/page/79,3
MILL CREEK UPPER ELEM.,"308 S CLEVELAND, BELTON, MO 64012",290462002724,https://www.beltonschools.org/Page/155,1
GRACE EARLY CHILD.  ED. CTR.,"614 W MILL, BELTON, MO 64012",290462002725,https://www.beltonschools.org/Page/404,1
KENTUCKY TRAIL ELEM.,"8301 E 163RD ST, BELTON, MO 64012",290462002988,https://www.beltonschools.org/page/153,2
BELTON MIDDLE SCHOOL/FC,"107 W. PIRATE PARKWAY, BELTON, MO 64012",290462003025,https://www.beltonschools.org/Page/141,1
SCOTT CO. ELEM.,"4035 STATE HWY 77, BENTON, MO 63736",290489000058,https://www.kellyhawks.org/,1
THOMAS W. KELLY HIGH,"4035 STATE HWY 77, BENTON, MO 63736",290489000059,https://www.kellyhawks.org/,1
SCOTT CO. MIDDLE,"4035 STATE HWY 77, BENTON, MO 63736",290489002703,https://www.kellyhawks.org/,1
BERNIE ELEM.,"121 S SPIKER, BERNIE, MO 63822",290495000060,https://www.hisawyer.com/listings/schools/96017-bernie-elem,3
BERNIE HIGH,"516 W MAIN, BERNIE, MO 63822",290495000061,http://www.bernie.k12.mo.us/,4
BEVIER ELEM.,"400 BLOOMINGTON ST, BEVIER, MO 63532",290498000062,https://www.bevierc4.com/,1
BEVIER HIGH,"400 BLOOMINGTON ST, BEVIER, MO 63532",290498000063,https://www.realtor.com/realestateandhomes-detail/400-Bloomington-St_Bevier_MO_63532_M86233-84830,1
BILLINGS ELEM.,"118 W MT VERNON, BILLINGS, MO 65610",290507000065,https://www.billings.k12.mo.us/,1
BILLINGS SR. HIGH,"118 W MT VERNON, BILLINGS, MO 65610",290507000066,https://www.billings.k12.mo.us/,1
BISMARCK R-V ELEM.,"165 Campus Drive, BISMARCK, MO 63624",290513000067,https://bismarckindians.org/,1
BISMARCK R-V HIGH,"165 Campus Drive, BISMARCK, MO 63624",290513000068,https://bismarckindians.org/,1
BLACKWATER ELEM.,"300 DODDRIDGE, BLACKWATER, MO 65322",290519000069,http://www.blackwater.k12.mo.us/,1
BLOOMFIELD ELEM.,"505 COURT ST, BLOOMFIELD, MO 63825",290525000072,http://www.bps14.org/,1
BLOOMFIELD HIGH,"505 COURT ST, BLOOMFIELD, MO 63825",290525000073,http://www.bps14.org/,1
JUVENILE CTR.,"505 COURT ST, BLOOMFIELD, MO 63825",290525002578,https://www.schoolsnearme.net/en/public/juvenile-center/49434,1
BLOOMFIELD MIDDLE,"505 COURT ST, BLOOMFIELD, MO 63825",290525003104,http://www.bps14.org/,1
BLUE EYE ELEM.,"512 STATE HWY 13, BLUE EYE, MO 65611",290528000075,https://www.blueeye.k12.mo.us/District/Department/5-Early-Childhood-Education,1
BLUE EYE HIGH,"658 STATE HWY EE, BLUE EYE, MO 65611",290528000076,https://www.blueeye.k12.mo.us/,2
BLUE EYE MIDDLE,"512 STATE HWY 13, BLUE EYE, MO 65611",290528001900,https://www.blueeye.k12.mo.us/District/Department/5-Early-Childhood-Education,3
TRI-LAKES SPECL. EDUC. COOP.,"658 STATE HWY EE, BLUE EYE, MO 65611",290528002518,https://www.elementaryschool.me/schooldetails/51035/tri-lakes-specl.-educ.-coop.,7
CORDILL-MASON ELEM.,"4001 SW CHRISTIANSEN RD, BLUE SPRINGS, MO 64014",290531000078,https://cme.bssd.net/,1
FRANKLIN SMITH ELEM.,"1609 CLARK RD, BLUE SPRINGS, MO 64015",290531000080,https://fse.bssd.net/,1
JAMES LEWIS ELEM.,"717 NW PARK RD, BLUE SPRINGS, MO 64015",290531000082,https://jle.bssd.net/,1
JAMES WALKER ELEM.,"201 SE SUNNYSIDE SCHOOL RD, BLUE SPRINGS, MO 64014",290531000083,https://jwe.bssd.net/,1
JOHN NOWLIN ELEM.,"5020 NW VALLEY VIEW RD, BLUE SPRINGS, MO 64015",290531000084,https://jne.bssd.net/,1
BLUE SPRINGS HIGH,"2000 NW ASHTON DR, BLUE SPRINGS, MO 64015",290531000085,https://bshs.bssd.net/a_b_o_u_t_u_s,1
THOMAS J. ULTICAN ELEM.,"1812 NW VESPER, BLUE SPRINGS, MO 64015",290531000086,https://tue.bssd.net/,1
WILLIAM YATES ELEM.,"3600 DAVIDSON RD, INDEPENDENCE, MO 64055",290531000087,https://wye.bssd.net/,1
BLUE SPRINGS SOUTH HIGH,"1200 SE ADAMS DAIRY PKWY, BLUE SPRINGS, MO 64014",290531000170,,1
VALLEY VIEW HIGH,"5000 NW VALLEY VIEW RD, BLUE SPRINGS, MO 64015",290531000200,https://vvhs.bssd.net/,1
LIGGETT TRAIL EDUCATION CENTER,"3575 SW LIGGETT RD, BLUE SPRINGS, MO 64015",290531000270,https://ltec.bssd.net/,1
BRITTANY HILL MIDDLE,"2701 NW 1ST ST, BLUE SPRINGS, MO 64014",290531000943,https://bhms.bssd.net/,3
MORELAND RIDGE MIDDLE,"900 SW BISHOP DR, BLUE SPRINGS, MO 64015",290531001706,https://mrms.bssd.net/,1
DANIEL YOUNG ELEM.,"505 SE SHAMROCK LN, BLUE SPRINGS, MO 64014",290531002367,https://dye.bssd.net/,1
WILLIAM BRYANT ELEM.,"1101 SE SUNNYSIDE SCHOOL RD, BLUE SPRINGS, MO 64014",290531002488,https://wbe.bssd.net/,1
LUCY FRANKLIN ELEM.,"111 NE ROANOKE DR, BLUE SPRINGS, MO 64014",290531002549,https://lfe.bssd.net/,1
CHAPEL LAKES ELEM.,"3701 NE INDEPENDENCE AVE, LEE'S SUMMIT, MO 64064",290531002682,https://cle.bssd.net/,1
FRESHMAN CTR. - G. BAKER BLDG.,"2103 NW VESPER, BLUE SPRINGS, MO 64015",290531002735,https://www.hisawyer.com/listings/schools/96038-freshman-ctr-g-baker-bldg,2
DELTA WOODS MIDDLE,"4401 NE LAKEWOOD WAY, LEE'S SUMMIT, MO 64064",290531002736,https://dwms.bssd.net/,1
SUNNY POINTE ELEM.,"3920 SOUTH R D MIZE RD, BLUE SPRINGS, MO 64015",290531002737,https://spe.bssd.net/,1
PAUL KINDER MIDDLE SCHOOL,"3930 SOUTH R D MIZE RD, BLUE SPRINGS, MO 64015",290531002835,https://pkms.bssd.net/,1
VOY SPEARS JR. ELEM.,"201 NE ANDERSON, LEE'S SUMMIT, MO 64064",290531002836,https://voy.bssd.net/,1
BOLIVAR PRIMARY,"706 N LEONARD PL, BOLIVAR, MO 65613",290537000090,http://bolivarschoolsbps.ss18.sharpschool.com/,1
BOLIVAR HIGH,"1401 N HWY D, BOLIVAR, MO 65613",290537000092,http://bolivarschoolsbhs.ss18.sharpschool.com/,1
BOLIVAR INTERMEDIATE SCH.,"1300 N HARTFORD, BOLIVAR, MO 65613",290537001535,http://bolivarschoolsbis.ss18.sharpschool.com/,1
BOLIVAR MIDDLE,"604 W JACKSON, BOLIVAR, MO 65613",290537002423,http://bolivarschoolsbms.ss18.sharpschool.com/,1
BONCL Elem.,"23526 PIKE 9247, Louisiana, MO 63353",290540000094,https://www.mshsaa.org/MySchool/SchoolInfo.aspx?s=819,3
INTERMEDIATE SCH.,"801 ELM ST, DESLOGE, MO 63601",290543000095,https://www.hisawyer.com/listings/schools/96061-intermediate-sch,8
NORTH COUNTY PARKSIDE ELEM.,"100 N PARKSIDE, DESLOGE, MO 63601",290543000096,https://www.ncsd.k12.mo.us/nc-parkside,3
UNITEC CAREER CTR.,"7163 RAIDER RD, BONNE TERRE, MO 63628",290543000098,https://uniteccareercenter.wixsite.com/unitec-career-center/copy-of-contact,1
NORTH COUNTY PRIMARY,"405 HILLCREST DR, BONNE TERRE, MO 63628",290543000099,https://reviews.birdeye.com/north-county-primary-school-155339477780586,6
NORTH CO. SR. HIGH,"7151 RAIDER RD, BONNE TERRE, MO 63628",290543000100,https://www.ncsd.k12.mo.us/,1
NORTH CO. MIDDLE,"406 E CHESTNUT, DESLOGE, MO 63601",290543000645,https://www.ncsd.k12.mo.us/nc-middle-school,3
BOONSLICK TECHNICAL EDUC. CTR.,"1694 W ASHLEY RD, BOONVILLE, MO 65233",290558000101,https://btec.bpsk12.net/,2
HANNAH COLE PRIMARY,"1700 WEST ASHLEY ROAD, BOONVILLE, MO 65233",290558000102,https://hcp.bpsk12.net/,1
DAVID BARTON ELEM.,"814 LOCUST ST, BOONVILLE, MO 65233",290558000103,https://www.hisawyer.com/listings/schools/96067-david-barton-elem,2
BOONVILLE HIGH,"1 PIRATE DRIVE, BOONVILLE, MO 65233",290558000104,https://bhs.bpsk12.net/,1
LAURA SPEED ELLIOTT MIDDLE,"700 MAIN ST, BOONVILLE, MO 65233",290558000105,https://lse.bpsk12.net/,1
BOSWORTH ELEM.,"102 E ELDRIDGE ST, BOSWORTH, MO 64623",290561000106,https://www.hisawyer.com/listings/providers/96069-bosworth-elem,4
BOSWORTH HIGH,"102 E ELDRIDGE ST, BOSWORTH, MO 64623",290561000107,https://www.mshsaa.org/Schools/AccountInfo.aspx?s=222,1
BOURBON ELEMENTARY SCHOOL,"357 JOST STREET, BOURBON, MO 65441",290564000108,https://crawfordbes.ss11.sharpschool.com/,1
BOURBON HIGH SCHOOL,"1500 S OLD HIGHWAY 66, BOURBON, MO 65441",290564000109,https://bhs.warhawks.k12.mo.us/,1
BOURBON MIDDLE SCHOOL,"363 JOST STREET, BOURBON, MO 65441",290564001699,https://bms.warhawks.k12.mo.us/,1
BOWLING GREEN ELEM.,"700 WEST ADAMS STREET, BOWLING GREEN, MO 63334",290566000112,http://www.bgschools.k12.mo.us/,1
FRANKFORD ELEM.,"500 SCHOOL STREET, FRANKFORD, MO 63441",290566000114,http://fe.bgschools.k12.mo.us/schools,4
BOWLING GREEN HIGH,"700 WEST ADAMS STREET, BOWLING GREEN, MO 63334",290566000115,http://www.bgschools.k12.mo.us/resources/contact-us,1
BOWLING GREEN MIDDLE,"700 W ADAMS STREET, BOWLING GREEN, MO 63334",290566000601,http://bgms.bgschools.k12.mo.us/,4
BRADLEYVILLE ELEM.,"16474 N STATE HWY 125, BRADLEYVILLE, MO 65614",290570000117,https://www.elementaryschool.me/schooldetails/51083/bradleyville-elem.,1
BRADLEYVILLE HIGH,"16474 N STATE HWY 125, BRADLEYVILLE, MO 65614",290570000118,https://www.schoolsnearme.net/en/public/bradleyville-high-school/49488,3
DELTA C-7 ELEM.,"20 CHARGER LN, DEERING, MO 63840",290573000119,http://www.deltac7.k12.mo.us/,1
DELTA C-7 HIGH,"20 CHARGER LN, DEERING, MO 63840",290573000120,http://www.deltac7.k12.mo.us/,1
BRANSON HIGH,"935 BUCHANAN RD, BRANSON, MO 65616",290576000122,https://www.branson.k12.mo.us/Domain/14,3
BRANSON JR. HIGH,"263 BUCCANEER BLVD, BRANSON, MO 65616",290576000123,https://www.branson.k12.mo.us/Domain/13,1
CEDAR RIDGE ELEMENTARY,"396 CEDAR RIDGE DR, BRANSON, MO 65616",290576002462,https://www.branson.k12.mo.us/Domain/9,1
CEDAR RIDGE PRIMARY,"402 CEDAR RIDGE DR, BRANSON, MO 65616",290576002706,https://www.branson.k12.mo.us/Domain/8,1
BUCHANAN INTERMEDIATE,"766 BUCHANAN RD, BRANSON, MO 65616",290576002851,https://www.branson.k12.mo.us/BI,1
CEDAR RIDGE INTERMEDIATE,"308 CEDAR RIDGE DRIVE, BRANSON, MO 65616",290576003235,https://www.branson.k12.mo.us/Domain/10,1
BUCHANAN ELEMENTARY,"1000 BUCHANAN ROAD, BRANSON, MO 65616",290576003237,https://www.branson.k12.mo.us/Domain/11,1
ADAIR CO. ELEM.,"205 W DEWEY, BRASHEAR, MO 63533",290579000124,http://brashear.k12.mo.us/,1
ADAIR CO. HIGH,"205 W DEWEY, BRASHEAR, MO 63533",290579000125,http://brashear.k12.mo.us/,1
BRAYMER ELEM.,"400 BOBCAT AVE, BRAYMER, MO 64624",290582000126,https://www.braymerbobcats.org/,1
BRAYMER HIGH,"400 BOBCAT AVE, BRAYMER, MO 64624",290582000127,https://www.braymerbobcats.org/,1
BRECKENRIDGE ELEM.,"400 W COLFAX ST, BRECKENRIDGE, MO 64625",290585000128,https://www.elementaryschool.me/schooldetails/51098/breckenridge-elem.,7
BRECKENRIDGE HIGH,"400 W COLFAX ST, BRECKENRIDGE, MO 64625",290585000129,https://www.mshsaa.org/MySchool/SchoolInfo.aspx?s=241,1
BRENTWOOD HIGH,"2221 HIGH SCHOOL DR, BRENTWOOD, MO 63144",290588000131,https://bhs.brentwoodmoschools.org/,1
MARK TWAIN ELEM.,"8636 LITZSINGER, BRENTWOOD, MO 63144",290588000132,https://mt.brentwoodmoschools.org/,1
MCGRATH ELEM.,"2350 ST CLAIR, BRENTWOOD, MO 63144",290588000133,https://mg.brentwoodmoschools.org/,1
BRENTWOOD MIDDLE,"9127 WHITE AVE, BRENTWOOD, MO 63144",290588001113,https://bms.brentwoodmoschools.org/,1
BRENTWOOD EARLY CHILDHD CENTER,"1201 HANLEY INDUSTRIAL COURT, BRENTWOOD, MO 63144",290588003190,https://ecc.brentwoodmoschools.org/,1
BRONAUGH ELEM.,"527 E 6TH ST, BRONAUGH, MO 64728",290591000134,https://www.bronaugh.k12.mo.us/,1
BRONAUGH HIGH,"527 E 6TH ST, BRONAUGH, MO 64728",290591000135,https://www.bronaugh.k12.mo.us/,1
LINN CO AREA CAREER  TECH CTR,"122 PERSHING RD, BROOKFIELD, MO 64628",290594000136,http://www.lcactc.brookfield.k12.mo.us/,1
BROOKFIELD ELEM.,"128 PERSHING RD, BROOKFIELD, MO 64628",290594000137,http://brookfieldes.ss14.sharpschool.com/,1
BROOKFIELD HIGH,"124 PERSHING RD, BROOKFIELD, MO 64628",290594000139,http://www.hs.brookfield.k12.mo.us/,1
BROOKFIELD MIDDLE,"126 PERSHING RD, BROOKFIELD, MO 64628",290594002272,http://www.ms.brookfield.k12.mo.us/,1
LINN CO. ELEM.,"15533 HWY KK, PURDIN, MO 64674",290600000142,https://www.homesnap.com/schools/MO/Purdin/Linn_Co_Elementary_School,3
LINN CO. HIGH,"15533 HWY KK, PURDIN, MO 64674",290600000143,https://www.homesnap.com/schools/MO/Purdin/Linn_Co_High_School,6
BRUNSWICK ELEM.,"1008 COUNTY RD, BRUNSWICK, MO 65236",290603000144,https://www.brunswick.k12.mo.us/,1
BRUNSWICK HIGH,"1008 COUNTY RD, BRUNSWICK, MO 65236",290603000145,https://www.brunswick.k12.mo.us/,2
BUCKLIN ELEM.,"26832 HWY 129, BUCKLIN, MO 64631",290609000146,http://www.bucklin.k12.mo.us/contact-us,1
BUCKLIN HIGH,"26832 HWY 129, BUCKLIN, MO 64631",290609000147,http://www.bucklin.k12.mo.us/contact-us,1
DALLAS COUNTY TECHNICAL CENTER,"33 VO-TECH RD, LOUISBURG, MO 65685",290612000148,https://www.bisonpride.org/Domain/11,1
BUFFALO HIGH,"500 W MAIN, BUFFALO, MO 65622",290612000149,https://www.bisonpride.org/Domain/8,1
MALLORY ELEM.,"315 S HICKORY, BUFFALO, MO 65622",290612000150,https://www.bisonpride.org/mallory,1
BUFFALO MIDDLE,"1001 W TRUMAN RD, BUFFALO, MO 65622",290612000858,https://www.hisawyer.com/listings/providers/96115-buffalo-middle,2
BUNCETON ELEM.,"500 E MAIN, BUNCETON, MO 65237",290615000153,https://www.bunceton.k12.mo.us/,2
BUNCETON HIGH,"500 E. MAIN, BUNCETON, MO 65237",290615000154,https://www.bunceton.k12.mo.us/,1
BUNKER ELEM.,"HWY 72  EAGLE PRIDE DRIVE, BUNKER, MO 63629",290617000155,https://www.bunkerr3.k12.mo.us/,1
BUNKER HIGH,"HWY 72  EAGLE PRIDE DRIVE, BUNKER, MO 63629",290617000156,https://www.bunkerr3.k12.mo.us/,1
BUTLER ELEM.,"4 N HIGH ST, BUTLER, MO 64730",290636000157,https://www.realtor.com/realestateandhomes-detail/804-N-High-St_Butler_MO_64730_M81454-96657,2
BUTLER HIGH,"420 S FULTON ST, BUTLER, MO 64730",290636000158,https://www.butlerr5.org/,3
CABOOL ELEM.,"1024 GARST AVENUE, CABOOL, MO 65689",290643000160,http://www.usa.com/public-school/cabool-elementary-cabool-mo-290643000160.html?nv=vanzant-mo-public-schools,7
CABOOL HIGH,"720 PEABODY AVENUE, CABOOL, MO 65689",290643000161,https://www.hisawyer.com/listings/schools/96125-cabool-high,3
CABOOL MIDDLE,"1025 ROGERS AVENUE, CABOOL, MO 65689",290643002424,https://www.hisawyer.com/listings/schools/96123-cabool-middle,7
CAINSVILLE ELEM.,"1308 DEPOT ST, CAINSVILLE, MO 64632",290645000163,https://www.cainsville.k12.mo.us/,1
CAINSVILLE HIGH,"1308 DEPOT ST, CAINSVILLE, MO 64632",290645000164,https://www.cainsville.k12.mo.us/,1
CALHOUN ELEM.,"409 S COLLEGE, CALHOUN, MO 65323",290648000165,https://www.calhoun.k12.mo.us/,1
CALHOUN HIGH,"409 South College, CALHOUN, MO 65323",290648000166,https://www.calhoun.k12.mo.us/,1
CALHOUN EARLY CHILDHOOD CTR.,"206 W 7th St., CALHOUN, MO 65323",290648003284,https://elementaryschools.org/directory/mo/cities/calhoun/calhoun-early-childhood-center/290648003284/,9
CALIFORNIA ELEM.,"101 S OWEN ST, CALIFORNIA, MO 65018",290651000167,https://es.californiak12.org/,1
CALIFORNIA HIGH,"1501 W BUCHANAN ST, CALIFORNIA, MO 65018",290651000168,https://www.californiak12.org/apps/events/2019/12/calendar/print/?id=21,3
CALIFORNIA MIDDLE,"211 S OWEN ST, CALIFORNIA, MO 65018",290651001522,https://www.californiak12.org/apps/pages/index.jsp?uREC_ID=439554&type=d&pREC_ID=958378,1
CALLAO ELEM.,"403 PINE STREET, CALLAO, MO 63534",290654000169,https://www.realtor.com/realestateandhomes-detail/403-Pine-St_Callao_MO_63534_M84745-44655,4
DOGWOOD ELEM.,"119 SERVICE RD, CAMDENTON, MO 65020",290699000171,https://dogwood.camdentonschools.org/,3
HURRICANE DECK ELEM.,"59 American Legion Drive, SUNRISE BEACH, MO 65079",290699000172,https://hurricanedeck.camdentonschools.org/,1
CAMDENTON MIDDLE,"119 SERVICE RD, CAMDENTON, MO 65020",290699000173,https://www.camdentonschools.org/,1
OSAGE BEACH ELEM.,"1241 Nichols Road, OSAGE BEACH, MO 65065",290699000174,https://osagebeach.camdentonschools.org/apps/maps/,1
CAMDENTON HIGH,"119 SERVICE RD, CAMDENTON, MO 65020",290699000175,https://www.camdentonschools.org/,1
JUVENILE JUSTICE CTR.,"HWY 54, CAMDENTON, MO 65020",290699001953,http://www.lakeexpo.com/marketplace/public_services_government/city_county_government/camden-county-juvenile-justice-center/business_36d334a7-520d-562a-93a8-c16b2e644eb6.html,4
LAKE CAREER  TECHNICAL CTR.,"119 SERVICE RD, CAMDENTON, MO 65020",290699002273,https://lctc.camdentonschools.org/,1
OAK RIDGE INTERMEDIATE,"119 SERVICE RD, CAMDENTON, MO 65020",290699002580,https://oakridge.camdentonschools.org/,1
HAWTHORN ELEM.,"119 SERVICE RD, CAMDENTON, MO 65020",290699002983,https://hawthorn.camdentonschools.org/,4
CAMERON HIGH,"1022 S CHESTNUT, CAMERON, MO 64429",290702000176,https://www.cameron.k12.mo.us/o/cameron-high-school/athletics,3
CAMERON VETERANS MIDDLE,"1015 S. PARK, CAMERON, MO 64429",290702000177,https://www.cameron.k12.mo.us/o/cameron-veteran-middle-school,1
PARKVIEW ELEM.,"602 S HARRIS, CAMERON, MO 64429",290702000178,https://www.cameron.k12.mo.us/o/parkview-elementary/events,1
CAMERON INTERMEDIATE SCHOOL,"915 S. PARK, CAMERON, MO 64429",290702003267,https://www.cameron.k12.mo.us/o/cameron-intermediate-school,1
CAMPBELL ELEM.,"801 S STATE RTE 53, CAMPBELL, MO 63933",290705000179,http://www.schoolmap.org/School/Campbell-Elem/,6
CAMPBELL HIGH,"801 S STATE RTE 53, CAMPBELL, MO 63933",290705000180,https://www.mshsaa.org/Schools/AccountInfo.aspx?s=253,4
CANTON ELEM.,"200 S FOURTH ST, CANTON, MO 63435",290708000181,https://www.canton.k12.mo.us/,2
CANTON HIGH,"200 S FOURTH ST, CANTON, MO 63435",290708000182,https://www.canton.k12.mo.us/,2
ALMA SCHRADER ELEM.,"1360 RANDOL, CAPE GIRARDEAU, MO 63701",290712000184,https://alma.capetigers.com/,1
CENTRAL JR. HIGH,"1910 Whitener St., CAPE GIRARDEAU, MO 63701",290712000185,https://cjhs.capetigers.com/contact_school_,1
CENTRAL HIGH,"1000 S SILVER SPRINGS RD, CAPE GIRARDEAU, MO 63703",290712000186,https://chs.capetigers.com/,1
FRANKLIN ELEM.,"1550 THEMIS, CAPE GIRARDEAU, MO 63701",290712000187,https://franklin.capetigers.com/,1
CLIPPARD ELEM.,"2880 HOPPER RD, CAPE GIRARDEAU, MO 63701",290712000188,https://clippard.capetigers.com/,1
JEFFERSON ELEM.,"520 S MINNESOTA, CAPE GIRARDEAU, MO 63703",290712000189,https://jefferson.capetigers.com/,1
CAPE GIRARDEAU CAR  TECH CTR.,"1080 S SILVER SPRINGS RD, CAPE GIRARDEAU, MO 63703",290712000192,https://capectc.capetigers.com/,1
BLANCHARD ELEM.,"1829 N SPRIGG ST, CAPE GIRARDEAU, MO 63701",290712002722,https://blanchard.capetigers.com/contact_school_,1
CENTRAL MIDDLE,"1900 THILENIUS, CAPE GIRARDEAU, MO 63701",290712002798,https://cms.capetigers.com/,1
NELL HOLCOMB ELEM.,"6547 STATE HWY 177, CAPE GIRARDEAU, MO 63701",290732000194,https://www.nellholcomb.k12.mo.us/,1
Carl Junction Intermediate,"206 S Roney, Carl Junction, MO 64834",290735000196,https://www.cjr1.org/,1
Carl Junction Primary 2-3,"206 S Roney, Carl Junction, MO 64834",290735000197,https://www.cjr1.org/,1
Carl Junction High School,"206 S Roney, Carl Junction, MO 64834",290735000198,https://www.cjr1.org/,1
Carl Junction Jr. High,"206 S Roney, Carl Junction, MO 64834",290735000199,https://www.cjr1.org/Domain/11,1
Carl Junction Satellite School,"206 S Roney, Carl Junction, MO 64834",290735002582,https://www.cjr1.org/,1
Carl Junction Primary K-1,"206 S Roney, Carl Junction, MO 64834",290735002811,https://www.cjr1.org/,1
CARROLLTON SENIOR HIGH,"300 E NINTH ST, CARROLLTON, MO 64633",290738000202,https://www.trojans.k12.mo.us/contact-information,1
MIDDLE SCHOOL,"300 E NINTH STREET, CARROLLTON, MO 64633",290738000311,https://www.trojans.k12.mo.us/contact-information,1
CARROLLTON AREA CAREER CENTER,"305 E TENTH ST, CARROLLTON, MO 64633",290738002368,https://www.teacherlists.com/schools/1000008237-carrollton-area-career-center,8
CARROLLTON ELEMENTARY SCHOOL,"207 E NINTH ST, CARROLLTON, MO 64633",290738003129,https://www.trojans.k12.mo.us/contact-information,1
ADAMS PRIMARY SCHOOL,"306 N JEFFERSON, CARROLLTON, MO 64633",290738003131,https://www.areavibes.com/carrollton-mo/schools/adams+primary+school-290738003131/,10
COLUMBIAN ELEM.,"1015 W MACON, CARTHAGE, MO 64836",290746000204,https://co-carthage-mo.schoolloop.com/,1
FAIRVIEW ELEM.,"1201 E FAIRVIEW, CARTHAGE, MO 64836",290746000206,https://fv-carthage-mo.schoolloop.com/,1
CARTHAGE JR. HIGH,"714 S. MAIN, CARTHAGE, MO 64836",290746000208,http://cjhs-carthage-mo.schoolloop.com/cms/month?d=x&group_id=1320733861341&month_id=0&return_url=1440010045562,1
MARK TWAIN ELEM.,"1435 S MAIN, CARTHAGE, MO 64836",290746000209,https://mt-carthage-mo.schoolloop.com/,1
PLEASANT VALLEY ELEM.,"652 COUNTY RD 180, CARTHAGE, MO 64836",290746000210,https://pv-carthage-mo.schoolloop.com/,2
CARTHAGE HIGH SCHOOL,"2600 SOUTH RIVER, CARTHAGE, MO 64836",290746000211,https://chs-carthage-mo.schoolloop.com/,1
STEADLEY ELEM.,"1814 W FIR RD, CARTHAGE, MO 64836",290746001980,https://st-carthage-mo.schoolloop.com/,2
CARTHAGE TECHNICAL CTR.,"1100 E. AIRPORT DRIVE, CARTHAGE, MO 64836",290746002275,https://ctc-carthage-mo.schoolloop.com/,1
CARTHAGE INTERMEDIATE CENTER,"2851 S. Chapel, CARTHAGE, MO 64836",290746003110,https://cms-carthage-mo.schoolloop.com/,1
EARLY CHILDHOOD AND PAT CENTER,"625 E. FAIRVIEW, CARTHAGE, MO 64836",290746003243,https://www.hisawyer.com/listings/schools/96179-early-childhood-and-pat-center,4
CARUTHERSVILLE HIGH,"1708 WARD AVE, CARUTHERSVILLE, MO 63830",290747000214,https://www.cps18.org/vnews/display.v/SEC/District%20Information%7CContact%20Information,1
CARUTHERSVILLE ELEMENTARY,"900 WASHINGTON AVE, CARUTHERSVILLE, MO 63830",290747000216,https://www.cps18.org/vnews/display.v/SEC/District%20Information%7CContact%20Information,10
CARUTHERSVILLE MIDDLE,"1705 WARD AVE, CARUTHERSVILLE, MO 63830",290747001023,https://www.schoolsnearme.net/en/public/caruthersville-middle-school/49593,5
EUNICE THOMAS ELEM.,"1501 MAIN ST, CASSVILLE, MO 65625",290817000217,https://cassville.k12.mo.us/vnews/display.v/SEC/Eunice%20Thomas%20Elementary%20School,1
CASSVILLE HIGH,"1501 MAIN ST, CASSVILLE, MO 65625",290817000219,https://cassville.k12.mo.us/,1
CASSVILLE MIDDLE,"1501 MAIN ST, CASSVILLE, MO 65625",290817002425,https://cassville.k12.mo.us/,1
CASSVILLE INTERMEDIATE,"1501 MAIN ST, CASSVILLE, MO 65625",290817002718,https://cassville.k12.mo.us/,1
BOONE ELEM.,"8817 WORNALL RD, KANSAS CITY, MO 64114",290825000223,https://www.center.k12.mo.us/boone-elementary,1
CENTER ELEM.,"8401 EUCLID, KANSAS CITY, MO 64132",290825000224,https://www.center.k12.mo.us/center-elementary,1
CENTER SR. HIGH,"8715 HOLMES, KANSAS CITY, MO 64131",290825000225,https://www.center.k12.mo.us/center-high-school,1
INDIAN CREEK ELEM.,"9801 GRAND, KANSAS CITY, MO 64114",290825000226,https://www.center.k12.mo.us/indian-creek-elementary,1
RED BRIDGE ELEM.,"10781 OAK, KANSAS CITY, MO 64114",290825000228,https://www.center.k12.mo.us/red-bridge-elementary,1
CENTER MIDDLE,"326 E 103RD ST, KANSAS CITY, MO 64114",290825000230,https://www.center.k12.mo.us/center-middle-school,1
EARLY CHILDHOOD EDUC. CTR.,"8817 WORNALL RD, KANSAS CITY, MO 64114",290825002755,https://www.center.k12.mo.us/early-childhood-center,1
CENTER ALTERNATIVE,"8434 PASEO, KANSAS CITY, MO 64131",290825002810,https://www.center.k12.mo.us/center-alternative-school,1
CREST RIDGE ELEM.,"94 NW 58 HWY, CENTERVIEW, MO 64019",290832000231,https://www.crestridge.org/,1
CREST RIDGE HIGH,"92 NW 58 HWY, CENTERVIEW, MO 64019",290832002276,https://www.crestridge.org/,1
CENTERVILLE ELEM.,"2354 S GREEN ST, CENTERVILLE, MO 63633",290834000232,http://www.ces.k12.mo.us/,1
FOREST PARK ELEM.,"501 SUNFLOWER, O'FALLON, MO 63366",290837000234,https://fpe.fz.k12.mo.us/,1
JOSEPH L. MUDD ELEM.,"610 PRINCE RUPPERT, O'FALLON, MO 63366",290837000235,https://jlm.fz.k12.mo.us/,1
LEWIS  CLARK ELEM.,"460 MCMENAMY RD, ST PETERS, MO 63376",290837000236,https://lce.fz.k12.mo.us/,1
MOUNT HOPE ELEM.,"1099 MT HOPE LN, O'FALLON, MO 63366",290837000237,https://mhe.fz.k12.mo.us/,1
PROGRESS SOUTH ELEM.,"201 KNAUST RD, ST PETERS, MO 63376",290837000238,https://pse.fz.k12.mo.us/,1
FT. ZUMWALT NORTH HIGH,"1230 TOM GINNEVER BLVD, O'FALLON, MO 63366",290837000239,https://nhs.fz.k12.mo.us/,1
ST. PETERS ELEM.,"400 MCMENAMY RD, ST PETERS, MO 63366",290837000241,https://spe.fz.k12.mo.us/,1
TWIN CHIMNEYS ELEM.,"7396 TWIN CHIMNEYS BLVD, O'FALLON, MO 63368",290837000619,https://tce.fz.k12.mo.us/,1
DR. BERNARD J. DUBRAY MIDDLE,"100 DUBRAY DR, ST PETERS, MO 63376",290837001539,https://dms.fz.k12.mo.us/,1
ROCK CREEK ELEM.,"8970 MEXICO RD, O'FALLON, MO 63366",290837001883,https://rce.fz.k12.mo.us/,1
MID RIVERS ELEM.,"7479 MEXICO RD, ST PETERS, MO 63376",290837002038,https://mre.fz.k12.mo.us/,1
HAWTHORN ELEM.,"166 BOONE HILLS DR, ST PETERS, MO 63376",290837002369,https://hes.fz.k12.mo.us/,1
FT. ZUMWALT SOUTH MIDDLE,"300 KNAUST RD, ST PETERS, MO 63376",290837002427,https://sms.fz.k12.mo.us/,1
FT. ZUMWALT SOUTH HIGH,"8050 MEXICO RD, ST PETERS, MO 63376",290837002490,,1
FT. ZUMWALT NORTH MIDDLE,"210 VIRGIL ST, O'FALLON, MO 63366",290837002491,https://nms.fz.k12.mo.us/,1
DARDENNE ELEM.,"2621 HWY K, O'FALLON, MO 63368",290837002492,https://des.fz.k12.mo.us/office,1
FT. ZUMWALT WEST HIGH,"1251 TURTLE CREEK DR, O'FALLON, MO 63366",290837002624,https://whs.fz.k12.mo.us/contact_us,1
PHEASANT POINT ELEM.,"3450 PHEASANT MEADOW DR, O'FALLON, MO 63368",290837002697,https://ppe.fz.k12.mo.us/,1
FT. ZUWMALT WEST MIDDLE,"150 WATERFORD CROSSING, O'FALLON, MO 63368",290837002782,http://fortzumwaltwms.ss10.sharpschool.com/,1
WESTHOFF ELEM.,"900 HOMEFIELD BLVD, O'FALLON, MO 63366",290837002783,http://fortzumwaltwes.ss10.sharpschool.com/,1
FT. ZUMWALT HOPE HIGH,"307 W PITMAN, O'FALLON, MO 63366",290837002821,https://hhs.fz.k12.mo.us/,1
EMGE ELEM.,"250 FALLON PKWY, O'FALLON, MO 63368",290837002842,https://ees.fz.k12.mo.us/,1
OSTMANN ELEM.,"200 MERIWETHER LEWIS DR, O'FALLON, MO 63368",290837002843,https://oes.fz.k12.mo.us/,1
FT. ZUMWALT EAST HIGH,"600 1ST EXECUTIVE AVE, ST PETERS, MO 63376",290837002978,https://ehs.fz.k12.mo.us/,1
MIKE CLEMENS CENTER ADAPT LRNG,"910 HOMEFIELD BLVD, O'FALLON, MO 63366",290837003282,https://mcc.fz.k12.mo.us/,1
FLINT HILL ELEMENTARY,"587 MEXICO ROAD, WENTZVILLE, MO 63385",290837003289,https://fhe.fz.k12.mo.us/,1
CHANCE ELEM.,"510 S ROLLINS, CENTRALIA, MO 65240",290840000242,http://www.cr6.org/ces/,3
CHESTER BOREN MIDDLE,"110 N JEFFERSON, CENTRALIA, MO 65240",290840000243,http://www.cr6.org/cbms/,1
CENTRALIA HIGH,"849 S JEFFERSON, CENTRALIA, MO 65240",290840000244,http://www.cr6.org/chs/,1
CENTRALIA INTERMEDIATE,"550 W LAKEVIEW, CENTRALIA, MO 65240",290840003092,http://www.cr6.org/cis/,2
CHADWICK ELEMENTARY,"7090 STATE HWY 125 S, CHADWICK, MO 65629",290843000245,https://www.schoolsnearme.net/en/public/chadwick-elementary/49638,6
CHADWICK HIGH,"7090 STATE HWY 125 S, CHADWICK, MO 65629",290843000246,https://www.realtor.com/realestateandhomes-detail/7090-State-Highway-125-S_Chadwick_MO_65629_M85564-59539,1
CHAFFEE ELEM.,"408 ELLIOTT AVE, CHAFFEE, MO 63740",290846000247,https://ces.chaffee.k12.mo.us/ces_faculty_staff,5
CHAFFEE JR.-SR. HIGH,"517 W YOAKUM AVE, CHAFFEE, MO 63740",290846000248,https://chaffee.k12.mo.us/,1
OSAGE CO. ELEM.,"614 S POPLAR ST, CHAMOIS, MO 65024",290849000249,https://www.realtor.com/realestateandhomes-detail/614-S-Poplar-St_Chamois_MO_65024_M75834-13710,1
CHAMOIS HIGH,"614 S POPLAR ST, CHAMOIS, MO 65024",290849000250,https://www.realtor.com/realestateandhomes-detail/614-S-Poplar-St_Chamois_MO_65024_M75834-13710,4
CHARLESTON HIGH,"606 S. THORN ST, CHARLESTON, MO 63834",290867000254,https://www.hisawyer.com/listings/providers/96233-charleston-high,2
WARREN E. HEARNES ELEM.,"1015 PLANT RD, CHARLESTON, MO 63834",290867000255,https://www.charlestonbluejays.org/apps/pages/WEH/,1
CHARLESTON MIDDLE,"S MAIN ST, CHARLESTON, MO 63834",290867001780,https://www.charlestonbluejays.org/apps/pages/CMS/,1
CHILHOWEE ELEM.,"101 HWY 2, CHILHOWEE, MO 64733",290873000256,https://www.chilhowee.k12.mo.us/,1
CHILHOWEE HIGH,"101 HWY 2, CHILHOWEE, MO 64733",290873000257,https://www.chilhowee.k12.mo.us/,1
GRAND RIVER TECHNICAL SCH.,"1200 FAIR ST, CHILLICOTHE, MO 64601",290876000258,http://www.grts.org/,1
CENTRAL ELEM.,"321 ELM, CHILLICOTHE, MO 64601",290876000259,https://www.hisawyer.com/listings/schools/96243-central-elem,6
GARRISON ELEM.,"209 HENRY ST, CHILLICOTHE, MO 64601",290876000260,https://elementary-schools.cmac.ws/garrison-school/90688/,2
DEWEY ELEM.,"905 DICKINSON, CHILLICOTHE, MO 64601",290876000261,https://www.chillicotheschools.org/o/dewey,1
FIELD ELEM.,"1100 OAK, CHILLICOTHE, MO 64601",290876000262,https://www.chillicotheschools.org/o/field,1
CHILLICOTHE HIGH,"2801 HORNET RD, CHILLICOTHE, MO 64601",290876000264,http://www.chillicotheschools.com/,3
CHILLICOTHE MIDDLE,"1529 CALHOUN, CHILLICOTHE, MO 64601",290876002815,https://www.chillicotheschools.org/o/cms/,3
LIVINGSTON CO. ELEM.,"205 WAITE ST, CHULA, MO 64635",290879000265,http://www.chulaschool.org/,2
CLARKSBURG ELEM.,"401 S HWY H, CLARKSBURG, MO 65025",290909000267,https://www.clarksburg.k12.mo.us/,2
CLARKTON ELEM.,"HWY 162, CLARKTON, MO 63837",290912000268,https://www.clarktonschools.org/,1
CLARKTON HIGH,"HWY 162, CLARKTON, MO 63837",290912000269,https://www.clarktonschools.org/,1
GLENRIDGE ELEM.,"7447 WELLINGTON WAY, CLAYTON, MO 63105",290972000271,https://www.homesnap.com/schools/MO/Clayton/Glenridge_Elementary_School,9
MERAMEC ELEM.,"400 S MERAMEC AVE, CLAYTON, MO 63105",290972000273,https://elementaryschools.org/directory/mo/cities/clayton/meramec-elementary/290972000273/,9
RALPH M. CAPTAIN ELEM.,"6345 NORTHWOOD AVE, CLAYTON, MO 63105",290972000274,https://www.homesnap.com/schools/MO/Clayton/Ralph_M_Captain_Elementary_School,6
CLAYTON HIGH,"#1 MARK TWAIN CIRCLE, CLAYTON, MO 63105",290972000275,https://en.wikipedia.org/wiki/Clayton_High_School_(Missouri),3
FAMILY CTR.,"301 N GAY AVE., CLAYTON, MO 63105",290972002583,https://uwgkc.myresourcedirectory.com/index.php?option=com_cpx&task=resource.view&id=3518821&search_history_id=169251492&code=HL-2000,5
WYDOWN MIDDLE,"6500 WYDOWN, CLAYTON, MO 63105",290972002584,https://www.homesnap.com/schools/MO/Clayton/Wydown_Middle_School,9
CLEARWATER HIGH,"RTE 4 BOX 1004, PIEDMONT, MO 63957",290975000277,https://www.hisawyer.com/listings/schools/96255-clearwater-high,1
CLEARWATER ELEMENTARY,"825 NORTH MAIN STREET, PIEDMONT, MO 63957",290975000280,https://www.hisawyer.com/listings/schools/96256-clearwater-elementary,10
CLEARWATER MIDDLE,"RTE 4 BOX 1004, PIEDMONT, MO 63957",290975001904,https://www.hisawyer.com/listings/schools/96254-clearwater-middle,2
CLEVER ELEM.,"103 S PUBLIC AVE., CLEVER, MO 65631",290978000281,https://www.clever.k12.mo.us/,1
CLEVER HIGH,"6800 W HWY 14, CLEVER, MO 65631",290978000282,https://www.hisawyer.com/listings/schools/96258-clever-high,1
CLIMAX SPRINGS ELEM.,"571 CLIMAX AVE, CLIMAX SPRINGS, MO 65324",290981000283,https://www.cspringsr4.org/,1
CLIMAX SPRINGS HIGH,"571 CLIMAX AVE, CLIMAX SPRINGS, MO 65324",290981000284,https://www.cspringsr4.org/,1
CLINTON TECHNICAL SCH.,"602 S 5TH, CLINTON, MO 64735",290986000285,https://cts.clintoncardinals.org/choose_cte_/contact_us,1
CLINTON SR. HIGH,"1106 S 2ND STREET, CLINTON, MO 64735",290986000286,https://chs.clintoncardinals.org/about_our_school/contact_us,1
CLINTON MIDDLE,"600 E CLINTON, CLINTON, MO 64735",290986000288,https://cms.clintoncardinals.org/about_our_school/contact_us,1
HENRY ELEM.,"809 S 8TH ST, CLINTON, MO 64735",290986000289,http://clintonsdhenry.ss19.sharpschool.com/contact_us,2
CLINTON INTERMEDIATE SCHOOL,"709 S 8TH STREET, CLINTON, MO 64735",290986003145,https://cis.clintoncardinals.org/about_our_school/contact_us,1
CLINTON EARLY CHILDHOOD CENTER,"502 S 5TH STREET, CLINTON, MO 64735",290986003291,https://cecc.clintoncardinals.org/about_our_school/contact_us,1
COLE CAMP ELEM.,"500 KEENEY ST, COLE CAMP, MO 65325",290990000292,https://mo01001127.schoolwires.net/,1
COLE CAMP HIGH,"500 KEENEY ST, COLE CAMP, MO 65325",290990000293,https://mo01001127.schoolwires.net/,1
COLE CAMP MIDDLE,"500 KEENEY ST, COLE CAMP, MO 65325",290990001389,https://mo01001127.schoolwires.net/,1
COLE CAMP PRESCHOOL,"500 South Keeney, Cole Camp, MO 65325",290990003248,https://mo01001127.schoolwires.net/,1
BLAIR OAKS ELEM.,"6124 FALCON LN, JEFFERSON CITY, MO 65101",290993000294,https://www.blairoaks.k12.mo.us/,1
BLAIR OAKS HIGH,"6124 FALCON LN, JEFFERSON CITY, MO 65101",290993000295,https://www.blairoaks.k12.mo.us/,1
BLAIR OAKS MIDDLE SCHOOL,"6124 FALCON LN, JEFFERSON CITY, MO 65101",290993003117,https://bms-bosd-mo.schoolloop.com/,1
COMMUNITY ELEM.,"35063 HWY BB, LADDONIA, MO 63352",291002000318,https://www.cr6.net/,1
COMMUNITY HIGH,"35063 HWY BB, LADDONIA, MO 63352",291002000319,https://www.cr6.net/,1
CONCORDIA ELEM.,"701 SW 4TH ST, CONCORDIA, MO 64020",291008000321,https://www.concordia.k12.mo.us/vnews/display.v/SEC/CES,1
CONCORDIA HIGH,"117 SW 11TH ST, CONCORDIA, MO 64020",291008000322,https://www.concordia.k12.mo.us/vnews/display.v/SEC/CHS,1
EZARD ELEM.,"209 S SHILOH AVE, CONWAY, MO 65632",291011000323,https://www.lacledecountyr1.com/,1
CONWAY HIGH SCHOOLS,"726 W JEFFERSON AVE, CONWAY, MO 65632",291011000324,https://www.lacledecountyr1.com/,1
COOTER ELEM.,"MAIN ST, COOTER, MO 63839",291014000325,"https://missouri.hometownlocator.com/schools/profiles,n,cooter%20elem.,z,63839,t,pb,i,1066027.cfm",3
COOTER HIGH,"MAIN ST, COOTER, MO 63839",291014000326,https://www.cooterwildcats.org/,3
COUCH ELEM.,"21922 HIghway 142, MYRTLE, MO 65778",291020000327,https://www.couch.k12.mo.us/,2
COUCH HIGH,"21922 Highway 142, MYRTLE, MO 65778",291020000328,https://www.couch.k12.mo.us/,4
COWGILL ELEM.,"341 E 6TH ST, COWGILL, MO 64637",291023000329,https://www.hisawyer.com/listings/schools/96284-cowgill-elem,4
CRAIG ELEM.,"402 N WARD, CRAIG, MO 64437",291026000330,http://craigr3school.com/index.html,1
CRAIG HIGH,"402 N WARD, CRAIG, MO 64437",291026000331,http://craigr3school.com/index.html,1
CRANE ELEM.,"209 PIRATE LN, CRANE, MO 65633",291029000332,https://www.crane.k12.mo.us/,2
CRANE HIGH,"209 PIRATE LN, CRANE, MO 65633",291029000333,https://www.hisawyer.com/listings/schools/96287-crane-high,3
SHERWOOD ELEM.,"33300 S SHERWOOD DR, CREIGHTON, MO 64739",291032000334,https://www.sherwoodk12.net/,1
SHERWOOD HIGH,"33300 S SHERWOOD DR, CREIGHTON, MO 64739",291032000335,https://www.sherwoodk12.net/,1
SHERWOOD MIDDLE,"33300 S SHERWOOD DR, CREIGHTON, MO 64739",291032001610,https://www.sherwoodk12.net/,1
CROCKER ELEM.,"601 N COMMERCIAL, CROCKER, MO 65452",291035000337,https://www.crockerschools.org/,1
CROCKER HIGH,"601 N COMMERCIAL, CROCKER, MO 65452",291035000338,https://www.crockerschools.org/,3
CRYSTAL CITY ELEM.,"600 MISSISSIPPI, CRYSTAL CITY, MO 63019",291038000339,https://crystalccel.ss4.sharpschool.com/,1
CRYSTAL CITY HIGH,"1100 MISSISSIPPI, CRYSTAL CITY, MO 63019",291038000340,https://crystalcchs.ss4.sharpschool.com/,1
CUBA MIDDLE,"1 WILDCAT PRIDE DR, CUBA, MO 65453",291041000018,http://www.cuba.k12.mo.us/?page_id=13,1
CUBA HIGH,"1 WILDCAT PRIDE DR, CUBA, MO 65453",291041000341,https://www.mshsaa.org/MySchool/SchoolInfo.aspx?s=289,1
CUBA ELEM.,"1 WILDCAT PRIDE DR, CUBA, MO 65453",291041000342,http://www.cuba.k12.mo.us/,1
DADEVILLE ELEM.,"17 BEARCAT TRAIL, DADEVILLE, MO 65635",291044000344,https://bearcats.dadeville.k12.mo.us/,1
DADEVILLE SR. HIGH,"17 BEARCAT TRAIL, DADEVILLE, MO 65635",291044000345,https://bearcats.dadeville.k12.mo.us/,1
DAVIS ELEM.,"227 SW HWY T, CLINTON, MO 64735",291047000346,https://elementaryschools.org/directory/mo/cities/clinton/davis-elementary/291047000346/,8
ATHENA ELEM.,"3775 ATHENA SCHOOL RD, DESOTO, MO 63020",291050000347,http://aes.desoto.k12.mo.us/,1
DESOTO JR. HIGH,"731 AMVETS DR, DESOTO, MO 63020",291050000349,http://jhs.desoto.k12.mo.us/,1
DESOTO SR. HIGH,"815 AMVETS DR, DESOTO, MO 63020",291050000350,http://shs.desoto.k12.mo.us/,1
VINELAND ELEM.,"650 VINELAND SCHOOL RD, DESOTO, MO 63020",291050000351,http://ves.desoto.k12.mo.us/,1
EARLY CHILDHOOD CTR.,"1812 ROCK RD, DESOTO, MO 63020",291050002993,http://ecc.desoto.k12.mo.us/,1
LAKELAND HIGH,"12530 LAKELAND SCHOOL DR, DEEPWATER, MO 64740",291052000352,https://www.lakeland.k12.mo.us/,1
LAKELAND ELEM.,"12530 LAKELAND SCHOOL DR, DEEPWATER, MO 64740",291052002520,https://www.lakeland.k12.mo.us/,1
DEKALB JR.-SR. HIGH,"702 MAIN ST, DEKALB, MO 64440",291059000355,https://www.bcr4.org/,1
RUSHVILLE ELEM.,"8681 SW STATE RTE 116, RUSHVILLE, MO 64484",291059000356,https://www.hisawyer.com/listings/schools/96310-rushville-elem,4
DELTA ELEM.,"124 E MCKINLEY, DELTA, MO 63744",291062000357,http://www.deltar5schools.com/home.aspx,1
DELTA HIGH,"324 LIBERTY ST, DELTA, MO 63744",291062000358,https://www.mshsaa.org/MySchool/SchoolInfo.aspx?s=269,1
NORTH WOOD ELEM.,"3734 N. HWY 19, SALEM, MO 65560",291065000359,http://northwood.k12.mo.us/,1
DENT-PHELPS ELEM.,"27870 Hwy C, SALEM, MO 65560",291071000360,http://dentphelps.k12.mo.us/,1
CENTRAL ELEM.,"1213 CENTRAL DR, DEXTER, MO 63841",291077000361,https://www.dexter.k12.mo.us/o/central-elementary,1
T. S. HILL MIDDLE,"1107 BROWN PILOT LN, DEXTER, MO 63841",291077000362,https://www.dexter.k12.mo.us/o/ts-hill-middle-school,1
DEXTER HIGH,"1101 W GRANT ST, DEXTER, MO 63841",291077000363,https://www.dexter.k12.mo.us/article/81932?org=dexter-high-school,1
SOUTHWEST ELEM.,"915 W GRANT ST, DEXTER, MO 63841",291077000364,https://www.dexter.k12.mo.us/o/southwest-elementary,2
DIAMOND ELEM.,"401 S MAIN, DIAMOND, MO 64840",291080000365,https://www.diamondwildcats.org/,1
DIAMOND HIGH,"401 S MAIN, DIAMOND, MO 64840",291080000366,https://www.diamondwildcats.org/,1
DIAMOND MIDDLE,"401 S MAIN, DIAMOND, MO 64840",291080000572,https://www.diamondwildcats.org/,1
DIXON ELEM.,"102 N PINE STREET, DIXON, MO 65459",291083000367,https://www.hisawyer.com/listings/schools/96323-dixon-elem,2
DIXON MIDDLE,"200 E. 5th Street, DIXON, MO 65459",291083000368,https://www.dixonr1.com/o/dixonr1/events,1
DIXON HIGH,"300 E. HIGH SCHOOL DR, DIXON, MO 65459",291083000369,https://www.homesnap.com/schools/MO/Dixon/Dixon_High_School,11
CURRENT RIVER CAREER CENTER,"301 SPRING ST, DONIPHAN, MO 63935",291092000370,https://crcc.doniphanr1.k12.mo.us/,1
DONIPHAN ELEM.,"603 SUMMIT, DONIPHAN, MO 63935",291092000371,https://des.doniphanr1.k12.mo.us/,3
DONIPHAN HIGH,"5 BALL PARK RD, DONIPHAN, MO 63935",291092000373,https://dhs.doniphanr1.k12.mo.us/,1
DONIPHAN MIDDLE,"651 SUMMIT, DONIPHAN, MO 63935",291092002586,https://www.hisawyer.com/listings/providers/96327-doniphan-middle,2
DORA ELEM.,"613 County Road 379, DORA, MO 65637",291095000374,https://dora.org/,1
DORA HIGH,"613 County Road 379, DORA, MO 65637",291095000375,https://dora.org/,1
SKYLINE ELEM.,"RTE 72 BOX 486, NORWOOD, MO 65717",291101000376,https://www.hisawyer.com/listings/schools/96331-skyline-elem,7
PLAINVIEW ELEM.,"RTE 3 BOX 145, AVA, MO 65608",291104000377,https://www.homesnap.com/schools/MO/Ava/Plainview_Elementary_School,4
DREXEL ELEM.,"207 S FOURTH ST, DREXEL, MO 64742",291107000378,https://www.drexel.k12.mo.us/,1
DREXEL HIGH,"207 S FOURTH ST, DREXEL, MO 64742",291107000379,https://www.drexel.k12.mo.us/,3
EAST CARTER CO. R-II ELEM.,"24 S HERREN AVE, ELLSINORE, MO 63937",291110000380,https://www.ecarter.k12.mo.us/,1
EAST CARTER CO. R-II HIGH,"24 S HERREN AVE, ELLSINORE, MO 63937",291110000383,https://www.ecarter.k12.mo.us/,1
EAST CARTER CO. R-II MIDDLE,"24 S HERREN AVE, ELLSINORE, MO 63937",291110002916,https://www.ecarter.k12.mo.us/,1
EAST LYNNE ELEM.,"24706 S STATE RTE K, EAST LYNNE, MO 64743",291116000384,https://www.eastlynne40school.org/,1
A. J. MARTIN ELEM.,"510 WILKINSON, EAST PRAIRIE, MO 63845",291122000385,https://www.teacherlists.com/schools/36963-aj-martin-elementary-school,4
R. A. DOYLE ELEM.,"402 WASHINGTON, EAST PRAIRIE, MO 63845",291122000387,https://www.schoolsnearme.net/en/public/r-a-doyle-elementary/49751,6
EAST PRAIRIE HIGH,"304 E WALNUT, EAST PRAIRIE, MO 63845",291122000388,https://www.eastprairie.org/departments,1
EAST PRAIRIE JR. HIGH,"210 E WASHINGTON, EAST PRAIRIE, MO 63845",291122002757,https://middle.eastprairie.org/,1
EAST BUCHANAN ELEM.,"100 SMITH ST, GOWER, MO 64454",291125000390,https://www.ebs.k12.mo.us/,1
EAST BUCHANAN HIGH,"100 SMITH ST, GOWER, MO 64454",291125000391,https://www.ebs.k12.mo.us/,1
EAST BUCHANAN MIDDLE,"301 COUNTY PARK RD N, EASTON, MO 64443",291125002282,https://www.ebs.k12.mo.us/middle-school,1
KNOX CO. ELEM.,"55701 STATE HWY 6, EDINA, MO 63537",291128000392,https://www.knox.k12.mo.us/,1
KNOX CO. HIGH,"55701 STATE HWY 6, EDINA, MO 63537",291128000397,https://www.knox.k12.mo.us/,1
EL DORADO SPRINGS HIGH,"901 S GRAND AVE, EL DORADO SPRINGS, MO 64744",291131000398,https://www.hisawyer.com/listings/schools/96350-elementary-dorado-springs-high,3
EL DORADO SPRINGS ELEM.,"901 S GRAND AVE, EL DORADO SPRINGS, MO 64744",291131000400,https://www.hisawyer.com/listings/schools/96350-elementary-dorado-springs-high,4
EL DORADO SPRINGS MIDDLE,"901 S GRAND AVE, EL DORADO SPRINGS, MO 64744",291131002660,https://www.hisawyer.com/listings/schools/96348-elementary-dorado-springs-middle,4
ELDON MIDDLE,"1400 N GRAND AVE, ELDON, MO 65026",291134000138,https://www.hisawyer.com/listings/schools/96353-eldon-middle,3
ELDON HIGH,"101 S PINE ST, ELDON, MO 65026",291134000402,http://eldonmustangs.org/eldon-high-school/contact/,1
SOUTH ELEM.,"1210 S MAPLE ST, ELDON, MO 65026",291134000403,http://eldonmustangs.org/eldon-south-elementary/locations/south-elementary-school/,1
ELDON CAREER CTR.,"112 S PINE ST, ELDON, MO 65026",291134000404,http://eldonmustangs.org/eldon-career-center/contact/,1
ELDON UPPER ELEM.,"409 E 15TH ST, ELDON, MO 65026",291134002411,http://eldonmustangs.org/eldon-upper-elementary/,1
CLARENCE CANNON ELEM.,"188 TOMAHAWK DR, ELSBERRY, MO 63343",291140000406,http://cce.elsberryschools.com/our_school/contact_us,1
ELSBERRY HIGH,"138 TOMAHAWK DR, ELSBERRY, MO 63343",291140000407,http://www.elsberryschools.com/,1
IDA CANNON MIDDLE,"178 TOMAHAWK DR, ELSBERRY, MO 63343",291140001990,http://ems.elsberryschools.com/,1
EMINENCE ELEM.,"W HWY 106, EMINENCE, MO 65466",291145000408,https://www.realtor.com/realestateandhomes-detail/19776-State-Highway-106_Eminence_MO_65466_M87804-25896,3
EMINENCE HIGH,"505 SOUTH 6TH STREET, EMINENCE, MO 65466",291145000409,https://www.hisawyer.com/listings/providers/96359-eminence-high,3
EUGENE ELEM.,"14803 HWY 17, EUGENE, MO 65032",291155000410,https://coler-v-k12-ct.schoolloop.com/elementary,1
EUGENE HIGH,"14803 HWY 17, EUGENE, MO 65032",291155000411,https://coler-v-k12-ct.schoolloop.com/,1
EVERTON ELEM.,"211 SCHOOL ST, EVERTON, MO 65646",291158000412,https://www.evertontigers.org/,1
EVERTON HIGH,"211 SCHOOL ST, EVERTON, MO 65646",291158000413,https://www.evertontigers.org/,1
EXCELSIOR SPRINGS TECH. HIGH,"701 ST LOUIS AVE, EXCELSIOR SPRINGS, MO 64024",291165000071,https://excelsiorsprings.jobcorps.gov/contact-us,1
EXCELSIOR SPRINGS CAREER CTR.,"614 TIGER DR, EXCELSIOR SPRINGS, MO 64024",291165000414,http://excelsiorscc.ss9.sharpschool.com/,1
ELKHORN ELEMENTARY,"34684 HWY 10, EXCELSIOR SPRINGS, MO 64024",291165000416,http://excelsiorsee.ss9.sharpschool.com/,1
LEWIS ELEMENTARY,"501 LEAVENWORTH, EXCELSIOR SPRINGS, MO 64024",291165000417,http://excelsiorsle.ss9.sharpschool.com/,1
EXCELSIOR SPRINGS MIDDLE,"701 CROWN HILL RD, EXCELSIOR SPRINGS, MO 64024",291165000418,http://excelsiorsms.ss9.sharpschool.com/,1
EXCELSIOR SPRINGS HIGH,"612 TIGER DR, EXCELSIOR SPRINGS, MO 64024",291165000420,http://excelsiorshs.ss9.sharpschool.com/,1
WESTVIEW ELEMENTARY,"500 N JESSE JAMES, EXCELSIOR SPRINGS, MO 64024",291165000421,http://excelsiorswe.ss9.sharpschool.com/,1
EXETER ELEM.,"101 Locust St, EXETER, MO 65647",291167000426,http://www.exeter.k12.mo.us/,1
EXETER HIGH,"101 Locust Street, EXETER, MO 65647",291167000427,http://www.exeter.k12.mo.us/,1
FAIR GROVE ELEM.,"132 N MAIN ST, FAIR GROVE, MO 65648",291170000428,https://www.hisawyer.com/listings/schools/96375-fair-grove-high,14
FAIR GROVE HIGH,"132 N MAIN ST, FAIR GROVE, MO 65648",291170000429,https://reviews.birdeye.com/fair-grove-high-school-156222603079914,7
FAIR GROVE MIDDLE,"132 N MAIN ST, FAIR GROVE, MO 65648",291170002283,https://www.hisawyer.com/listings/schools/96377-fair-grove-middle,8
FAIR PLAY ELEM.,"301 N WALNUT, FAIR PLAY, MO 65649",291173000430,http://www.fairplay.k12.mo.us/,1
FAIR PLAY HIGH,"301 N WALNUT, FAIR PLAY, MO 65649",291173000431,http://www.fairplay.k12.mo.us/,1
EXCEPTIONAL PUPIL COOP,"1510 E BROADWAY, BOLIVAR, MO 65613",291173003214,https://www.hisawyer.com/listings/schools/96378-exceptional-pupil-coop,14
FAIRFAX ELEM.,"500 MAIN ST, FAIRFAX, MO 64446",291176000432,https://www.fairfaxk12mo.us/,1
FAIRFAX HIGH,"500 MAIN ST, FAIRFAX, MO 64446",291176000433,https://www.fairfaxk12mo.us/,2
COMMUNITY FOR KIDS,"104 Main St., Fairfax, MO 64446",291176003217,https://www.hisawyer.com/listings/schools/96381-community-for-kids,2
TRUMAN LEARNING CENTER,"209 W COLLEGE, FARMINGTON, MO 63640",291191000437,https://www.fsdknights.com/apps/pages/index.jsp?uREC_ID=1188399&type=d,1
FARMINGTON MIDDLE,"506 S FLEMING ST, FARMINGTON, MO 63640",291191000439,https://www.fsdknights.com/apps/pages/index.jsp?uREC_ID=1188394&type=d&pREC_ID=1433093,2
FARMINGTON SR. HIGH,"1 BLACK KNIGHT DR, FARMINGTON, MO 63640",291191000440,https://www.fsdknights.com/apps/pages/index.jsp?uREC_ID=1188393&type=d&pREC_ID=1433084,1
WASHINGTON-FRANKLIN ELEM.,"409 N WASHINGTON, FARMINGTON, MO 63640",291191000442,https://elementaryschools.org/directory/mo/cities/farmington/washington-franklin-elementary/291191000442/,5
LINCOLN INTERMEDIATE,"708 S FLEMING, FARMINGTON, MO 63640",291191001065,https://www.schoolsnearme.net/en/public/lincoln-intermediate/49801,2
JUVENILE DETENTION CTR.,"HWY 32 EAST, FARMINGTON, MO 63640",291191002589,https://www.citydirectory.us/school-juvenile-detention-center-farmington-mo.html,2
ROOSEVELT ELEM.,"1040 FORSTER ST, FARMINGTON, MO 63640",291191002847,https://www.fsdknights.com/apps/pages/index.jsp?uREC_ID=1188396&type=d,1
MID-BUCHANAN ELEM.,"3221 SE STATE RTE H, FAUCETT, MO 64448",291194000443,http://www.midbuchanan.k12.mo.us/,1
MID-BUCHANAN SR. HIGH,"3221 SE STATE RTE H, FAUCETT, MO 64448",291194000445,http://www.midbuchanan.k12.mo.us/,1
LAURENCE J. DALY ELEM.,"702 LUCKY ST, FAYETTE, MO 65248",291199000446,https://www.fayette.k12.mo.us/Domain/8,1
FAYETTE HIGH,"510 CLEVELAND AVE, FAYETTE, MO 65248",291199000448,https://www.hisawyer.com/listings/schools/96397-fayette-high,1
WM. N. CLARK MIDDLE,"704 LUCKY ST, FAYETTE, MO 65248",291199002590,https://www.fayette.k12.mo.us/Domain/9,1
CROSS KEYS MIDDLE,"14205 COUGAR DR, FLORISSANT, MO 63033",291201000301,https://www.fergflor.org/cross-keys-middle,1
BERKELEY MIDDLE,"8300 FROST AVE, BERKELEY, MO 63134",291201000354,https://www.fergflor.org/berkeley-elementary,1
AIRPORT ELEM.,"8249 AIRPORT RD, BERKELEY, MO 63134",291201000449,https://www.fergflor.org/domain/288,1
BERMUDA ELEM.,"5835 BERMUDA DR, ST LOUIS, MO 63121",291201000452,https://www.fergflor.org/bermuda-elementary,1
COMBS ELEM.,"300 ST JEAN DR, FLORISSANT, MO 63031",291201000455,https://www.fergflor.org/combs-elementary,1
COMMONS LANE ELEM.,"2700 DERHAKE RD, FLORISSANT, MO 63033",291201000456,https://www.fergflor.org/commons-lane-elementary,1
COOL VALLEY ELEM.,"1351 S FLORISSANT RD, ST LOUIS, MO 63121",291201000457,https://www.fergflor.org/innovation-cool-valley,1
DUCHESNE ELEM.,"100 S FLORISSANT RD, FLORISSANT, MO 63031",291201000460,https://www.fergflor.org/duchesne-elementary,1
FERGUSON MIDDLE,"701 JANUARY AVE, FERGUSON, MO 63135",291201000462,https://www.fergflor.org/ferguson-middle,1
GRIFFITH ELEM.,"200 DAY DR, FERGUSON, MO 63135",291201000466,https://www.fergflor.org/griffith-elementary,1
HALLS FERRY ELEM.,"13585 NEW HALLS FERRY RD, FLORISSANT, MO 63033",291201000467,https://www.fergflor.org/halls-ferry-elementary,1
HOLMAN ELEM.,"8811 HAROLD DR, BERKELEY, MO 63134",291201000468,https://www.fergflor.org/holman-elementary,1
LEE HAMILTON ELEM.,"401 POWELL AVE, FERGUSON, MO 63135",291201000469,https://www.fergflor.org/lee-hamilton-elementary,1
MCCLUER NORTH HIGH,"705 WATERFORD DR, FLORISSANT, MO 63033",291201000471,https://www.fergflor.org/mccluer-north-high,1
MCCLUER HIGH,"1896 S FLORISSANT RD, FLORISSANT, MO 63031",291201000472,https://www.fergflor.org/domain/367,1
PARKER ROAD ELEM.,"2800 PARKER RD, FLORISSANT, MO 63033",291201000473,https://www.fergflor.org/parker-road-elementary,1
ROBINWOOD ELEM.,"955 DERHAKE RD, FLORISSANT, MO 63033",291201000475,https://www.fergflor.org/robinwood-elementary,1
WALNUT GROVE ELEM.,"1248 N FLORISSANT RD, FERGUSON, MO 63135",291201000477,https://www.fergflor.org/walnut-grove-elementary,1
WEDGWOOD ELEM.,"14275 NEW HALLS FERRY RD, FLORISSANT, MO 63033",291201000478,https://www.fergflor.org/wedgwood,1
VOGT ELEM.,"200 CHURCH ST, FERGUSON, MO 63135",291201001092,https://www.fergflor.org/domain/388,1
EARLY EDUCATION CENTER,"1005 WATERFORD DR, FLORISSANT, MO 63033",291201002591,https://www.hisawyer.com/listings/schools/96398-early-education-center,2
MCCLUER SOUTH-BERKELEY HIGH,"201 BROTHERTON LN, FERGUSON, MO 63135",291201002691,https://www.fergflor.org/mccluer-south-berkeley-high,1
JOHNSON WABASH ELEM.,"685 JANUARY, FERGUSON, MO 63135",291201002784,https://www.fergflor.org/johnson-wabash-elementary,1
FESTUS ELEM.,"1500 MID-MEADOW LN, FESTUS, MO 63028",291203000479,https://www.festus.k12.mo.us/vnews/display.v/SEC/Elementary%7CAdministrators%20%26%20Office%20Staff,1
FESTUS SR. HIGH,"501 WESTWIND DR, FESTUS, MO 63028",291203000481,https://www.realtor.com/realestateandhomes-detail/501-Westwind-Dr_Festus_MO_63028_M79749-72257,2
FESTUS MIDDLE,"1717 W MAIN, FESTUS, MO 63028",291203002522,https://www.waze.com/live-map/directions/festus-middle-school-w-main-st-1717-festus?to=place.w.176685438.1766723310.2296810,4
FESTUS INTERMEDIATE,"1501 MID-MEADOW LN, FESTUS, MO 63028",291203002779,https://www.festus.k12.mo.us/vnews/display.v/SEC/Intermediate%7CAdministrators%20%26%20Office%20Staff,1
FORDLAND ELEM.,"252 N CENTER ST, FORDLAND, MO 65652",291218000484,https://dataexplorer.agile-ed.com/m/Lookup/MO/652098-Fordland-Elementary-School,11
FORDLAND HIGH,"1248 SCHOOL ST, FORDLAND, MO 65652",291218000485,https://www.fordland.k12.mo.us/,1
FORDLAND MIDDLE,"1230 SCHOOL ST, FORDLAND, MO 65652",291218001578,https://www.fordland.k12.mo.us/,1
FORSYTH ELEM.,"178 PANTHER ST, FORSYTH, MO 65653",291224000486,https://forsythpanthers.org/,1
FORSYTH HIGH,"178 PANTHER ST, FORSYTH, MO 65653",291224000487,https://forsythpanthers.org/,1
FORSYTH MIDDLE,"178 PANTHER ST, FORSYTH, MO 65653",291224000789,https://forsythpanthers.org/,1
CAR.  TECH. CTR. AT FT. OSAGE,"2101 N TWYMAN RD, INDEPENDENCE, MO 64058",291229000488,https://www.fortosage.net/ctc,1
BLUE HILLS ELEM.,"2101 N TWYMAN RD, INDEPENDENCE, MO 64058",291229000489,https://www.fortosage.net/BlueHills,1
BUCKNER ELEM.,"2101 N TWYMAN RD, INDEPENDENCE, MO 64058",291229000490,https://www.fortosage.net/domain/81,1
CLER-MONT ELEM.,"2101 N TWYMAN RD, INDEPENDENCE, MO 64058",291229000491,https://www.fortosage.net/ClerMont,1
ELM GROVE ELEM.,"2101 N TWYMAN RD, INDEPENDENCE, MO 64058",291229000493,https://www.fortosage.net/ElmGrove,1
OSAGE TRAIL MIDDLE,"2101 N TWYMAN RD, INDEPENDENCE, MO 64058",291229000494,https://www.fortosage.net/OsageTrail,1
FORT OSAGE HIGH,"2101 N TWYMAN RD, INDEPENDENCE, MO 64058",291229000496,https://www.fortosage.net/,1
FIRE PRAIRIE MIDDLE,"2101 N TWYMAN RD, INDEPENDENCE, MO 64058",291229002284,https://www.fortosage.net/domain/85,4
LEWIS AND CLARK LEARNING CTR.,"2101 N TWYMAN RD, INDEPENDENCE, MO 64058",291229002995,https://www.fortosage.net/domain/89,1
INDIAN TRAILS ELEM.,"2101 N TWYMAN RD, INDEPENDENCE, MO 64058",291229003103,https://www.fortosage.net/domain/84,1
ANTONIA ELEM.,"3901 HWY M, IMPERIAL, MO 63052",291230000497,http://foxantoniaes.ss4.sharpschool.com/,1
CLYDE HAMRICK ELEM.,"4525 FOUR RIDGE RD, IMPERIAL, MO 63052",291230000498,https://hamrickes.fox.k12.mo.us/,1
FOX ELEM.,"739 JEFFCO BLVD, ARNOLD, MO 63010",291230000499,http://foxes.fox.k12.mo.us/,1
FOX MIDDLE,"743 JEFFCO BLVD, ARNOLD, MO 63010",291230000500,http://foxms.fox.k12.mo.us/,1
MERAMEC HEIGHTS ELEM.,"1340 W OUTER 21 RD, ARNOLD, MO 63010",291230000501,http://foxmeramec.ss4.sharpschool.com/,1
RIDGEWOOD MIDDLE,"1401 RIDGEWOOD SCHOOL RD, ARNOLD, MO 63010",291230000502,http://foxridgewood.ss4.sharpschool.com/,1
ROCKPORT HEIGHTS ELEM.,"3871 JEFFCO BLVD, ARNOLD, MO 63010",291230000503,http://foxrockport.ss4.sharpschool.com/,1
SECKMAN ELEM.,"2824 SECKMAN RD, IMPERIAL, MO 63052",291230000504,http://foxseckmanes.ss4.sharpschool.com/,1
SECKMAN MIDDLE,"2810 SECKMAN RD, IMPERIAL, MO 63052",291230000505,https://www.hisawyer.com/listings/providers/96450-seckman-middle,2
FOX SR. HIGH,"751 JEFFCO BLVD, ARNOLD, MO 63010",291230000506,http://foxhs.fox.k12.mo.us/,1
RICHARD SIMPSON ELEM.,"3585 VOGEL RD, ARNOLD, MO 63010",291230001019,http://foxsimpson.ss4.sharpschool.com/,1
SECKMAN SR. HIGH,"2800 SECKMAN RD, IMPERIAL, MO 63052",291230001981,http://foxseckmanhs.ss4.sharpschool.com/,1
GEORGE GUFFEY ELEM.,"400 13TH ST, FENTON, MO 63026",291230002402,http://foxguffey.ss4.sharpschool.com/,1
LONE DELL ELEM.,"2500 TOMAHAWK RD, ARNOLD, MO 63010",291230002593,http://foxlonedell.ss4.sharpschool.com/,1
RAYMOND  NANCY HODGE ELEM.,"2499 PRAIRIE HOLLOW RD, IMPERIAL, MO 63052",291230003027,http://foxhodge.ss4.sharpschool.com/,1
DON EARL EARLY CHILDHOOD CTR.,"849 JEFFCO BLVD, ARNOLD, MO 63010",291230003028,http://ecc.fox.k12.mo.us/,1
ANTONIA MIDDLE SCHOOL,"6798 ST. LUKE'S CHURCH ROAD, BARNHART, MO 63012",291230003151,http://antoniams.fox.k12.mo.us/,1
SPRING BLUFF ELEM.,"9374 HWY 185, SULLIVAN, MO 63080",291245000509,https://www.springbluffpirates.com/,1
STRAIN-JAPAN ELEM.,"4640 HWY H, SULLIVAN, MO 63080",291248000510,http://www.strainjapanschool.com/,1
FRANKLIN CO. ELEM.,"3128 HWY Y, NEW HAVEN, MO 63068",291251000511,https://www.fcr2.org/,1
FREDERICKTOWN ELEM.,"419 NEWBERRY, FREDERICKTOWN, MO 63645",291254000513,https://www.teacherlists.com/schools/37042-fredericktown-elementary-school,5
FREDERICKTOWN HIGH,"805 E HWY 72, FREDERICKTOWN, MO 63645",291254000516,https://www.fpsk12.org/s16/?page_id=152,3
KELLY A BURLISON MIDDLE SCHOOL,"825 Highway 72 East, FREDERICKTOWN, MO 63645",291254002523,https://www.hisawyer.com/listings/schools/96466-kelly-a-burlison-middle-school,2
FREDERICKTOWN INTERMEDIATE,"905 E HWY 72, FREDERICKTOWN, MO 63645",291254002524,https://www.fpsk12.org/s16/?page_id=152,3
BARTLEY ELEM.,"603 S BUS 54, FULTON, MO 65251",291255000517,https://www.fulton58.org/vnews/display.v/SEC/Bartley%20Elementary%7CContact%20Bartley%20Elementary,1
BUSH ELEM.,"908 WOOD ST, FULTON, MO 65251",291255000518,https://www.fulton58.org/vnews/display.v/SEC/Bush%20Elementary%7CContact%20Bush%20Elementary,2
MCINTIRE ELEM.,"706 HICKMAN AVE, FULTON, MO 65251",291255000522,https://www.fulton58.org/vnews/display.v/SEC/McIntire%20Elementary,1
FULTON SR. HIGH,"1 HORNET DR, FULTON, MO 65251",291255000524,https://www.fulton58.org/,1
FULTON MIDDLE,"403 E TENTH, FULTON, MO 65251",291255002525,https://www.fulton58.org/fultonmiddle,1
GAINESVILLE ELEM.,"218 Bulldog Drive, GAINESVILLE, MO 65655",291260000525,https://www.gainesvillebulldogs.com/gainesvilleelementaryschool,1
GAINESVILLE HIGH,"422 Bulldog Drive, GAINESVILLE, MO 65655",291260000526,https://www.gainesvillebulldogs.com/,1
GALENA-ABESVILLE ELEM.,"54 MEDICAL SPRINGS RD, GALENA, MO 65656",291263000527,https://gaes.galena.k12.mo.us/,1
GALENA HIGH,"30925 STATE HWY 413, GALENA, MO 65656",291263000528,https://hs.galena.k12.mo.us/about_us,1
COVEL D. SEARCY ELEM.,"502 S OLIVE, GALLATIN, MO 64640",291266000529,https://www.gallatin.k12.mo.us/contact-us,1
GALLATIN HIGH,"602 S OLIVE, GALLATIN, MO 64640",291266000530,https://www.gallatin.k12.mo.us/contact-us,1
GALLATIN MIDDLE SCHOOL,"600 S. OLIVE ST., GALLATIN, MO 64640",291266003296,https://www.gallatin.k12.mo.us/contact-us,1
GRUNDY CO. ELEM.,"223 JONES ST, HUMPHREYS, MO 64646",291269000531,https://www.grundyr5.k12.mo.us/vnews/display.v/ContactUs?id=5d5eea8c3953c,3
GRUNDY CO. HIGH,"205 SW BORDER ST, GALT, MO 64641",291269000532,https://www.grundyr5.k12.mo.us/vnews/display.v/ContactUs?id=5d5eeaa1ca7f2,1
GASCONADE ELEM.,"32959 HWY 32, FALCON, MO 65470",291272000533,https://gasconadec4.org/,1
GIDEON ELEM.,"400 MAIN, GIDEON, MO 63848",291278000534,https://www.citydirectory.us/school-gideon-elementary-gideon-mo.html,6
GIDEON HIGH,"400 MAIN, GIDEON, MO 63848",291278000535,https://www.mshsaa.org/MySchool/SchoolInfo.aspx?s=300,3
GILLIAM ELEM.,"102 NORTH ST, GILLIAM, MO 65330",291284000536,https://www.schoolsnearme.net/en/public/gilliam-elementary/49897,6
GILMAN CITY ELEM.,"141 LINDSEY AVE, GILMAN CITY, MO 64642",291287000537,https://www.gilman.k12.mo.us/,1
GILMAN CITY HIGH,"141 LINDSEY AVE, GILMAN CITY, MO 64642",291287000538,https://www.gilman.k12.mo.us/,1
GLASGOW ELEMENTARY.,"860 RANDOLPH, GLASGOW, MO 65254",291290000539,https://www.glasgow.k12.mo.us/,1
GLASGOW HIGH,"860 RANDOLPH, GLASGOW, MO 65254",291290000540,https://www.glasgow.k12.mo.us/,1
GOLDEN CITY ELEM.,"1208 WALNUT ST, GOLDEN CITY, MO 64748",291293000541,https://www.goldencityschools.com/district,4
GOLDEN CITY HIGH,"1208 WALNUT ST, GOLDEN CITY, MO 64748",291293000542,https://www.hisawyer.com/listings/schools/96488-golden-city-high,5
GRAIN VALLEY HIGH,"551 SW EAGLES PKWY, GRAIN VALLEY, MO 64029",291308000546,http://gvhs.grainvalleyschools.org/,1
MATTHEWS ELEM.,"144 MCQUERRY RD, GRAIN VALLEY, MO 64029",291308000547,http://gvsme.ss14.sharpschool.com/,2
SNI-A-BAR ELEM.,"701 SW EAGLES PKWY, GRAIN VALLEY, MO 64029",291308001965,http://sni.grainvalleyschools.org/,1
GRAIN VALLEY SOUTH MIDDLE SCHL,"901 SE RYAN RD, GRAIN VALLEY, MO 64029",291308002463,http://gvssms.ss14.sharpschool.com/,3
PRAIRIE BRANCH ELEM.,"2100 DILLINGHAM RD, GRAIN VALLEY, MO 64029",291308002866,http://gvcpbe.ss14.sharpschool.com/,1
STONY POINT ELEM.,"1001 W RYAN RD, GRAIN VALLEY, MO 64029",291308002976,https://stony.grainvalleyschools.org/contact_school,4
GRAIN VALLEY NORTH MIDDLE SCHL,"31608 NE PINK HILL ROAD, GRAIN VALLEY, MO 64029",291308003161,http://gvsnms.ss14.sharpschool.com/,1
GRAIN VALLEY EARLY CHILDHD CTR,"31604 NE PINK HILL ROAD, GRAIN VALLEY, MO 64029",291308003169,http://early.grainvalleyschools.org/,1
BELVIDERE ELEM.,"15200 WHITE AVE, GRANDVIEW, MO 64030",291314000548,https://belvidere.grandviewc4.net/,2
BUTCHER-GREENE ELEM.,"5302 E 140TH, GRANDVIEW, MO 64030",291314000549,https://butchergreene.grandviewc4.net/,3
CONN-WEST ELEM.,"1100 HIGH GROVE RD, GRANDVIEW, MO 64030",291314000550,https://connwest.grandviewc4.net/,1
GRANDVIEW MIDDLE,"12650 MANCHESTER, GRANDVIEW, MO 64030",291314000551,https://gms.grandviewc4.net/apps/pages/index.jsp?uREC_ID=432279&type=d&pREC_ID=940936,1
HIGH GROVE Early Childhood,"2500 HIGH GROVE RD, GRANDVIEW, MO 64030",291314000552,https://hgecc.grandviewc4.net/,1
MARTIN CITY ELEM.,"201 E 133RD ST, KANSAS CITY, MO 64145",291314000554,https://mck8.grandviewc4.net/apps/pages/index.jsp?uREC_ID=422588&type=d&pREC_ID=922601,1
MEADOWMERE ELEM.,"7010 E 136TH ST, GRANDVIEW, MO 64030",291314000555,https://meadowmere.grandviewc4.net/apps/pages/index.jsp?uREC_ID=420860&type=d&pREC_ID=942590,1
GRANDVIEW SR. HIGH,"2300 HIGH GROVE RD, GRANDVIEW, MO 64030",291314000556,https://ghs.grandviewc4.net/,1
GRANDVIEW ALTERNATIVE SCH.,"1001 MAIN ST, GRANDVIEW, MO 64030",291314000948,https://cair.grandviewc4.net/apps/pages/index.jsp?uREC_ID=421310&type=d&pREC_ID=920503,1
GRANDVIEW ELEM.,"11470 HWY C, HILLSBORO, MO 63050",291317000558,https://www.grandviewr2.com/,1
GRANDVIEW MIDDLE,"11470 HWY C, HILLSBORO, MO 63050",291317001490,https://www.grandviewr2.com/,1
GRANDVIEW HIGH,"11470 HWY C, HILLSBORO, MO 63050",291317002285,https://www.grandviewr2.com/,1
GREEN CITY ELEM.,"301 N EAST ST, GREEN CITY, MO 63545",291323000560,https://wheretoteach.com/green-city-elem-34380,3
GREEN CITY HIGH,"301 N EAST ST, GREEN CITY, MO 63545",291323000561,https://www.greencity.k12.mo.us/vnews/display.v/SEC/High%20School,3
GREEN FOREST ELEM.,"6111 HWY F, SALEM, MO 65560",291326000562,http://www.gfr2.k12.mo.us/,1
GREEN RIDGE ELEM.,"401 W PETTIS ST, GREEN RIDGE, MO 65332",291329000563,http://www.greenridge.k12.mo.us/,1
GREEN RIDGE HIGH,"401 W PETTIS ST, GREEN RIDGE, MO 65332",291329000564,http://www.greenridge.k12.mo.us/,1
GREENFIELD ELEM.,"409 MONTGOMERY, GREENFIELD, MO 65661",291332000565,https://www.greenfieldr4.org/contact-us--217,3
GREENFIELD HIGH,"410 W COLLEGE, GREENFIELD, MO 65661",291332000566,https://www.greenfieldr4.org/contact-us--217,1
GREENVILLE ELEM.,"185 WALNUT ST, GREENVILLE, MO 63944",291338000568,https://elementaryschools.org/directory/mo/cities/greenville/greenville-elementary/291338000568/,5
GREENVILLE HIGH,"178 WALNUT ST, GREENVILLE, MO 63944",291338000569,https://www.hisawyer.com/listings/schools/96518-greenville-high,2
WILLIAMSVILLE ELEM.,"HC 1 BOX 6M, WILLIAMSVILLE, MO 63967",291338000570,https://www.schoolsnearme.net/en/public/williamsville-elementary/49933,1
GREENVILLE JR. HIGH,"178 WALNUT ST, GREENVILLE, MO 63944",291338003035,https://www.hisawyer.com/listings/schools/96517-greenville-jr-high,3
PLEASANT VIEW ELEM.,"128 SE 20TH ST, TRENTON, MO 64683",291344000571,http://www.pleasantviewr6.org/,1
HALE ELEM.,"518 MAIN ST, HALE, MO 64643",291350000573,https://www.haleschooldistrict.com/,3
HALE HIGH,"518 MAIN ST, HALE, MO 64643",291350000574,https://www.haleschooldistrict.com/,3
HALFWAY ELEM.,"2150 HWY 32, HALFWAY, MO 65663",291353000575,https://www.halfwayschools.org/contact.html,2
HALFWAY SECONDARY,"2150 HWY 32, HALFWAY, MO 65663",291353000576,https://www.halfwayschools.org/contact.html,2
HALLSVILLE INTERMEDIATE,"411 HWY 124 E, HALLSVILLE, MO 65255",291356000577,http://his.hallsville.org/,1
HALLSVILLE HIGH,"421 HWY 124 E, HALLSVILLE, MO 65255",291356000578,http://www.hallsville.org/,1
HALLSVILLE MIDDLE,"421 HWY 124 E, HALLSVILLE, MO 65255",291356001597,http://hms.hallsville.org/,1
HALLSVILLE PRIMARY,"6401 HWY 124 E, HALLSVILLE, MO 65255",291356002975,http://hps.hallsville.org/,1
HAMILTON ELEM.,"7650 NW HARLEY ROAD, HAMILTON, MO 64644",291359000579,http://www.hamilton.k12.mo.us/Hamilton%20Elementary.pdf,2
PENNEY HIGH,"903 N DAVIS, HAMILTON, MO 64644",291359000580,https://www.mshsaa.org/MySchool/SchoolInfo.aspx?s=410,1
HAMILTON MIDDLE,"903 N DAVIS, HAMILTON, MO 64644",291359002663,http://www.hamilton.k12.mo.us/Hamilton%20Middle%20School.pdf,1
HANCOCK SR. HIGH,"229 W RIPA AVE, ST LOUIS, MO 63125",291362000583,http://hs.hancock.k12.mo.us/,1
HANCOCK PLACE ELEM.,"9101 S BROADWAY, LEMAY, MO 63125",291362000584,http://hancockes.ss8.sharpschool.com/,1
HANCOCK PLACE MIDDLE,"243 W RIPA AVE, LEMAY, MO 63125",291362001894,http://ms.hancock.k12.mo.us/,1
A. D. STOWELL ELEM.,"500 UNION, HANNIBAL, MO 63401",291365000587,https://ste.hannibal60.com/,1
EUGENE FIELD ELEM.,"1405 PEARL ST, HANNIBAL, MO 63401",291365000589,https://efe.hannibal60.com/,1
HANNIBAL CAREER  TECH. CTR.,"4550 MCMASTERS AVE, HANNIBAL, MO 63401",291365000590,http://www.hannibal.tec.mo.us/about-us/contact-us,1
OAKWOOD ELEM.,"3716 MARKET ST, HANNIBAL, MO 63401",291365000593,https://owe.hannibal60.com/,1
HANNIBAL SR. HIGH,"4500 MCMASTERS AVE, HANNIBAL, MO 63401",291365000595,https://www.hisawyer.com/listings/schools/96537-hannibal-sr-high,4
HANNIBAL MIDDLE,"4700 MCMASTERS AVE, HANNIBAL, MO 63401",291365002554,https://hms.hannibal60.com/,3
VETERANS ELEM.,"790 N VETERANS RD, HANNIBAL, MO 63401",291365002781,https://www.teacherlists.com/schools/89687-veterans-elementary-school,7
HARDIN-CENTRAL ELEM.,"500 NE 1ST ST, HARDIN, MO 64035",291368000596,https://www.hardin-central.org/,1
HARDIN-CENTRAL HIGH,"500 NE 1ST ST, HARDIN, MO 64035",291368000597,https://www.hardin-central.org/cms/day?d=x&group_id=1415000865126&return_url=1582259682595&day_id=1588309200000,1
HARRISBURG ELEM.,"221 S HARRIS, HARRISBURG, MO 65256",291371000598,http://harrisburg.k12.mo.us/elementary-school-2/,1
HARRISBURG HIGH,"801 S HARRIS, HARRISBURG, MO 65256",291371000599,http://harrisburg.k12.mo.us/high-school-2/,1
HARRISBURG MIDDLE,"233 S HARRIS, HARRISBURG, MO 65256",291371003100,http://harrisburg.k12.mo.us/middle-school/,1
CASS CAREER CTR.,"1600 E ELM, HARRISONVILLE, MO 64701",291376000600,https://www.harrisonvilleschools.org/Domain/13,1
HARRISONVILLE ELEM.,"101 MEGHAN DR, HARRISONVILLE, MO 64701",291376000602,https://www.schoolsnearme.net/en/public/harrisonville-elementary/49965,4
MCEOWEN ELEM.,"1901 S HALSEY AVE, HARRISONVILLE, MO 64701",291376000604,https://www.businessyab.com/explore/united_states/missouri/cass_county/grand_river_township/harrisonville/south_halsey_avenue/1901/mceowen_elementary_school.html,7
HARRISONVILLE HIGH,"1504 E ELM, HARRISONVILLE, MO 64701",291376000605,https://www.mshsaa.org/MySchool/SchoolInfo.aspx?s=73,5
EVERETT WADE JUVENILE CTR.,"503 S LEXINGTON, HARRISONVILLE, MO 64701",291376002594,https://www.city-data.com/school/everett-wade-juvenile-ctr-mo.html,5
HARRISONVILLE MIDDLE,"601 S HIGHLAND, HARRISONVILLE, MO 64701",291376002659,https://www.mshsaa.org/MySchool/SchoolInfo.aspx?s=623,2
HARTVILLE ELEM.,"175 N. School Ave, HARTVILLE, MO 65667",291377000606,http://www.hartville.k12.mo.us/,1
GROVESPRING ELEM.,"9530 HWY 5, GROVESPRING, MO 65662",291377000607,https://www.realtor.com/realestateandhomes-detail/9530-Highway-5_Grovespring_MO_65662_M71138-75339,2
HARTVILLE HIGH,"175 N. School Ave, HARTVILLE, MO 65667",291377000608,http://new.hartville.k12.mo.us/index.php/our-district/contact-information/,1
WALLACE MIDDLE SCHOOL,"400 E CLEVELAND, HAYTI, MO 63851",291380000610,https://elementaryschools.org/directory/mo/cities/hayti/wallace-middle-school/291380000610/,5
HAYTI HIGH,"500 N FOURTH ST, HAYTI, MO 63851",291380000611,https://www.mshsaa.org/MySchool/SchoolInfo.aspx?s=74,1
MATHIS ELEM.,"607 N SIXTH ST, HAYTI, MO 63851",291380000612,https://elementaryschools.org/directory/mo/cities/hayti/mathis-elementary/291380000612/,6
BARRINGTON ELEM.,"15600 OLD HALLS FERRY RD, FLORISSANT, MO 63034",291383000447,https://www.hazelwoodschools.org/barrington,2
ARMSTRONG ELEM.,"6255 HOWDERSHELL RD, HAZELWOOD, MO 63042",291383000613,https://www.hazelwoodschools.org/armstrong,1
KEEVEN ELEM.,"11230 OLD HALLS FERRY RD, ST LOUIS, MO 63136",291383000614,https://www.hazelwoodschools.org/keeven,1
BROWN ELEM.,"3325 CHICORY CREEK LN, FLORISSANT, MO 63031",291383000616,https://www.hisawyer.com/listings/schools/96589-brown-elem,1
LAWSON ELEM.,"1830 CHARBONIER RD, FLORISSANT, MO 63031",291383000617,https://www.hazelwoodschools.org/lawson,1
COLD WATER ELEM.,"1105 WIETHAUPT RD, FLORISSANT, MO 63031",291383000618,https://www.hazelwoodschools.org/coldwater,1
GARRETT ELEM.,"1400 VILLE ROSA LN, HAZELWOOD, MO 63042",291383000620,https://www.hazelwoodschools.org/domain/116,1
GRANNEMANN ELEM.,"2324 REDMAN RD, ST LOUIS, MO 63136",291383000621,https://www.hazelwoodschools.org/grannemann,1
HAZELWOOD CENTRAL HIGH,"15875 NEW HALLS FERRY RD, FLORISSANT, MO 63031",291383000622,https://www.hazelwoodschools.org/centralhigh,1
NORTHWEST MIDDLE,"1605 SHACKELFORD RD, FLORISSANT, MO 63031",291383000624,https://www.hazelwoodschools.org/domain/314,1
HAZELWOOD WEST HIGH,"1 WILDCAT LN, HAZELWOOD, MO 63042",291383000625,https://www.hazelwoodschools.org/westhigh,1
JAMESTOWN ELEM.,"13750 OLD JAMESTOWN RD, FLORISSANT, MO 63033",291383000626,https://www.hazelwoodschools.org/jamestown,1
JANA ELEM.,"405 JANA DR, FLORISSANT, MO 63031",291383000627,https://www.hazelwoodschools.org/jana,1
JURY ELEM.,"11950 OLD HALLS FERRY RD, FLORISSANT, MO 63033",291383000628,https://www.hazelwoodschools.org/jury,1
EAST MIDDLE,"11300 DUNN RD, ST LOUIS, MO 63138",291383000629,https://www.hazelwoodschools.org/domain/304,1
LARIMORE ELEM.,"1025 TRAMPE LN, ST LOUIS, MO 63138",291383000630,https://www.hazelwoodschools.org/larimore,1
LUSHER ELEM.,"2015 MULLANPHY RD, FLORISSANT, MO 63031",291383000631,https://www.hazelwoodschools.org/lusher,1
MCCURDY ELEM.,"975 LINDSAY LN, FLORISSANT, MO 63031",291383000632,https://www.hazelwoodschools.org/mccurdy,1
MCNAIR ELEM.,"585 COACHWAY LN, HAZELWOOD, MO 63042",291383000633,https://www.hazelwoodschools.org/mcnair,1
RUSSELL ELEM.,"7350 HOWDERSHELL RD, HAZELWOOD, MO 63042",291383000634,https://www.hazelwoodschools.org/russell,1
TOWNSEND ELEM.,"6645 PARKER RD, FLORISSANT, MO 63033",291383000635,https://www.hazelwoodschools.org/townsend,3
TWILLMAN ELEM.,"11831 BELLEFONTAINE RD, ST LOUIS, MO 63138",291383000636,https://www.hazelwoodschools.org/twillman,1
WALKER ELEM.,"1250 HUMES LN, FLORISSANT, MO 63031",291383000637,https://www.hazelwoodschools.org/domain/295,2
ELEM. SPECIAL PROGRAMS DEPT.,"15875 NEW HALLS FERRY RD, FLORISSANT, MO 63031",291383000650,https://www.homesnap.com/schools/MO/Florissant/Elem_Special_Programs_Dept,5
HAZELWOOD EAST HIGH,"11300 DUNN RD, ST LOUIS, MO 63138",291383002696,https://www.hazelwoodschools.org/easthigh,1
WEST MIDDLE,"12834 MISSOURI BOTTOM RD, HAZELWOOD, MO 63042",291383002857,https://www.hazelwoodschools.org/domain/325,2
ARROWPOINT ELEM.,"2017 ARROWPOINT DR, ST LOUIS, MO 63138",291383002858,https://www.hazelwoodschools.org/arrowpoint,1
NORTH MIDDLE,"4420 VAILE AVE, FLORISSANT, MO 63034",291383003004,https://www.hazelwoodschools.org/northmiddle,1
SOUTHEAST MIDDLE,"918 PRIGGE RD, ST LOUIS, MO 63138",291383003005,https://www.hazelwoodschools.org/southeastmiddle,1
WEST EARLY CHILDHOOD CENTER,"5323 VILLE MARIA LANE, HAZELWOOD, MO 63042",291383003204,https://www.hazelwoodschools.org/Page/535,2
EAST EARLY CHILDHOOD CENTER,"12555 PARTRIDGE RUN, FLORISSANT, MO 63033",291383003208,https://www.hazelwoodschools.org/Page/534,1
CENTRAL EARLY CHILDHOOD CENTER,"15955 NEW HALLS FERRY ROAD, Florissant, MO 63031",291383003218,https://www.hazelwoodschools.org/site/default.aspx?PageType=3&ModuleInstanceID=4296&ViewID=82ad4dc1-ff8e-4c91-9428-7a2a172acda0&RenderLoc=0&FlexDataID=1732&PageID=3143,1
HERCULANEUM HIGH,"1 BLACKCAT DR, HERCULANEUM, MO 63048",291425000639,https://www.dunklin.k12.mo.us/domain/145,1
PEVELY ELEM.,"30 MAIN STREET, PEVELY, MO 63070",291425000641,https://www.dunklin.k12.mo.us/pevely,1
SENN-THOMAS MIDDLE,"200 SENN THOMAS DR, HERCULANEUM, MO 63048",291425002399,https://www.dunklin.k12.mo.us/STMS,2
HERMANN ELEM.,"328 W SEVENTH ST, HERMANN, MO 65041",291428000644,http://es.hermann.k12.mo.us/,1
HERMANN HIGH,"176 BEARCAT CROSSING, HERMANN, MO 65041",291428000646,http://hs.hermann.k12.mo.us/,1
HERMANN MIDDLE,"164 BLUE PRIDE DR, HERMANN, MO 65041",291428002464,http://ms.hermann.k12.mo.us/,1
HERMITAGE ELEM.,"E END POLK ST, HERMITAGE, MO 65668",291431000648,https://www.schoolsnearme.net/en/public/hermitage-elementary/50015,3
HERMITAGE HIGH,"E END POLK ST, HERMITAGE, MO 65668",291431000649,https://www.hisawyer.com/listings/schools/96601-hermitage-high,2
HERMITAGE MIDDLE,"E END POLK ST, HERMITAGE, MO 65668",291431001964,https://www.hisawyer.com/listings/schools/96600-hermitage-middle,2
SKYLINE HIGH,"RTE 1 BOX 838, URBANA, MO 65767",291432002372,https://www.hisawyer.com/listings/schools/96603-skyline-high,1
SKYLINE MIDDLE,"RTE 1 BOX 838, URBANA, MO 65767",291432002794,https://www.schoolsnearme.net/en/public/skyline-middle-school/50020,1
COMPASS ELEMENTARY,"11115 BENNINGTON, KANSAS CITY, MO 64137",291434000651,https://www.citydirectory.us/school-compass-elementary-kansas-city-mo.html,2
DOBBS ELEM.,"9400 EASTERN, KANSAS CITY, MO 64138",291434000652,https://www.hickmanmills.org/dobbs,1
INGELS ELEM.,"11600 FOOD LN, KANSAS CITY, MO 64134",291434000655,https://www.hickmanmills.org/ingels,1
SANTA FE ELEM.,"8908 OLD SANTA FE RD, KANSAS CITY, MO 64138",291434000659,https://www.hickmanmills.org/santafe,1
SPOFFORD TREATMENT CENTER,"9700 GRANDVIEW RD, KANSAS CITY, MO 64137",291434000661,https://cornerstonesofcare.org/about-us/our-locations,2
SYMINGTON ELEM.,"8650 RUSKIN WAY, KANSAS CITY, MO 64134",291434000662,https://www.realtor.com/local/schools/Symington-Elementary-School-0741439611,5
TRUMAN ELEM.,"9601 JAMES A. REED RD, KANSAS CITY, MO 64134",291434000663,https://www.hickmanmills.org/truman,1
WARFORD ELEM.,"11400 CLEVELAND, KANSAS CITY, MO 64134",291434000664,https://www.hickmanmills.org/warford,1
CRITTENTON TREATMENT CENTER,"10918 ELM AVE, KANSAS CITY, MO 64134",291434002287,https://www.saintlukeskc.org/locations/crittenton-childrens-center,1
JOHNSON ELEM.,"10900 MARSH, KANSAS CITY, MO 64134",291434002595,https://www.hickmanmills.org/domain/2209,2
FREDA MARKLEY EARLY CHILDHOOD,"9201 E. BANNISTER ROAD, KANSAS CITY, MO 64134",291434002979,https://www.hickmanmills.org/Domain/21,1
RUSKIN HIGH SCHOOL,"7000 E 111TH STREET, KANSAS CITY, MO 64134",291434003156,https://www.hickmanmills.org/ruskin,1
SMITH-HALE MIDDLE,"8925 LONGVIEW ROAD, KANSAS CITY, MO 64134",291434003162,https://www.waze.com/en-GB/live-map/directions/smith-hale-middle-school-longview-rd-8925-kansas-city?to=place.w.173998469.1740115763.3279095,2
ERVIN EARLY LEARNING CENTER,"10530 GREENWOOD RD, KANSAS CITY, MO 64134",291434003246,https://www.hickmanmills.org/ervin,1
HICKMAN MILLS FRESHMAN CENTER,"9010 OLD SANTA FE ROAD, KANSAS CITY, MO 64138",291434003249,https://www.hickmanmills.org/domain/1130,2
HIGBEE ELEM.,"101 EVANS ST, HIGBEE, MO 65257",291437000666,https://www.weichert.com/search/community/district.aspx?district=5700043925&city=23154,8
HIGBEE HIGH,"101 EVANS ST, HIGBEE, MO 65257",291437000667,https://www.hisawyer.com/listings/providers/96621-higbee-high,5
GRANDVIEW ELEM.,"705 W 31ST, HIGGINSVILLE, MO 64037",291440000669,https://www.huskersk12.org/vnews/display.v/SEC/Elementary%20School,2
LAFAYETTE CO. HIGH,"807A W 31ST, HIGGINSVILLE, MO 64037",291440000672,https://www.huskersk12.org/vnews/display.v/SEC/High%20School,1
LAFAYETTE CO. MIDDLE,"807B W 31ST, HIGGINSVILLE, MO 64037",291440002596,https://www.huskersk12.org/vnews/display.v/SEC/Middle%20School,1
HILLSBORO ELEM.,"13 HAWK DR, HILLSBORO, MO 63050",291443000673,https://www.hsdr3.org/o/hillsboro-elementary,1
HILLSBORO MIDDLE ELEM.,"10478 BUSINESS 21, HILLSBORO, MO 63050",291443000674,https://www.hsdr3.org/o/hillsboro-intermediate,3
HILLSBORO HIGH,"123 LEON HALL PKWY, HILLSBORO, MO 63050",291443000675,https://www.hsdr3.org/o/hillsboro-high-school,1
JUVENILE DETENTION CTR.,"9501 GOLDFINCH LANE, HILLSBORO, MO 63050",291443001017,https://uwgkc.myresourcedirectory.com/index.php?option=com_cpx&task=resource.view&id=3042728&search_history_id=157391800&code=HD-0500,3
HILLSBORO JR. HIGH,"12 HAWK DR, HILLSBORO, MO 63050",291443002597,https://www.hsdr3.org/o/hillsboro-junior-high,1
HILLSBORO PRIMARY,"101 LEON HALL PKWY, HILLSBORO, MO 63050",291443002598,https://www.hsdr3.org/o/hillsboro-primary,1
HOLCOMB ELEM.,"102 S CHERRY, HOLCOMB, MO 63852",291446000677,https://www.realtor.com/realestateandhomes-detail/102-S-Cherry_Holcomb_MO_63852_M81749-58853,6
HOLCOMB HIGH,"102 S CHERRY, HOLCOMB, MO 63852",291446000678,https://www.realtor.com/realestateandhomes-detail/102-S-Cherry_Holcomb_MO_63852_M81749-58853,1
HOLDEN MIDDLE,"301 EAGLE DR, HOLDEN, MO 64040",291449000679,https://www.holdenschools.org/domain/524,1
HOLDEN HIGH,"1901 S MAIN, HOLDEN, MO 64040",291449000680,https://www.holdenschools.org/Page/2668,2
HOLDEN ELEM.,"1903 S MARKET, HOLDEN, MO 64040",291449000681,https://www.holdenschools.org/,1
Holliday Elementary,"201 CURTRIGHT ST, HOLLIDAY, MO 65258",291452000682,http://hollidayc2school.weebly.com/,1
HOLLISTER ELEM.,"1794 STATE HWY BB, HOLLISTER, MO 65672",291455000683,https://www.hollister.k12.mo.us/260870_2,3
HOLLISTER HIGH,"2112 STATE HWY BB, HOLLISTER, MO 65672",291455000684,https://www.hollister.k12.mo.us/256244_2,2
HOLLISTER MIDDLE,"1798 STATE HWY BB, HOLLISTER, MO 65672",291455001120,https://www.hollister.k12.mo.us/259824_2,2
HOLLISTER EARLY CHILDHOOD CTR,"1792 STATE HWY BB, HOLLISTER, MO 65672",291455003165,https://www.hollister.k12.mo.us/260877_2,1
HOUSTON MIDDLE,"423 W PINE, HOUSTON, MO 65483",291484000453,https://www.houston.k12.mo.us/,1
HOUSTON ELEM.,"423 W PINE, HOUSTON, MO 65483",291484000685,https://www.houston.k12.mo.us/,1
EXCEPTIONAL CHILD COOP.,"423 W PINE, HOUSTON, MO 65483",291484000686,https://www.houston.k12.mo.us/Page/52,1
HOUSTON HIGH,"423 W PINE, HOUSTON, MO 65483",291484000688,https://www.houston.k12.mo.us/,1
JUNCTION HILL ELEM.,"8004 COUNTY RD 3010, WEST PLAINS, MO 65775",291506000689,https://www.junctionhill.k12.mo.us/,1
GLENWOOD ELEM.,"10286 STATE RTE 17, WEST PLAINS, MO 65775",291518000691,https://www.glenwood.k12.mo.us/,1
HOWELL VALLEY ELEM.,"6461 STATE RTE ZZ, WEST PLAINS, MO 65775",291521000692,https://www.hvpanthers.org/,1
HUDSON ELEM.,"15012 NE State Route 52, APPLETON CITY, MO 64724",291524000693,https://hudsonelementaryschool.org/,1
NORTHWEST ELEM.,"407 W TUCK, HOUSTONIA, MO 65333",291527000694,http://elementary.northwest.k12.mo.us/cms/One.aspx?ctl00_ContentPlaceHolder1_ctl12_cp_scpParent_rgWorkspaceItemsChangePage=1&ctl00_ContentPlaceHolder1_ctl12_cp_scpCurrent_rgLmsItemsChangePage=2&portalId=817377&ctl00_ContentPlaceHolder1_ctl12_cp_scpCurrent_rgWorkspaceItemsChangePage=1&pageId=817397&returnTo=817467&objectId.48662=817467&contextId.48662=817466&parentId.48662=817467&action.48662=add&objectType.48662=workspace_event&currentDate=,3
NORTHWEST HIGH,"16215 HWY H, HUGHESVILLE, MO 65334",291527000695,https://www.northwest.k12.mo.us/,1
HUMANSVILLE ELEM.,"300 N OAK ST, HUMANSVILLE, MO 65674",291530000696,https://www.humansville.k12.mo.us/,2
HUMANSVILLE HIGH,"300 N OAK ST, HUMANSVILLE, MO 65674",291530000697,https://www.humansville.k12.mo.us/,4
HUMANSVILLE MIDDLE SCHOOL,"300 N Oak ST, Humansville, MO 65674",291530003298,https://www.humansville.k12.mo.us/,1
HUME ELEM.,"9163 SW 2nd Street, HUME, MO 64752",291533000698,https://www.humer8.k12.mo.us/,1
HUME HIGH,"9163 SW 2nd Street, HUME, MO 64752",291533000699,https://www.humer8.k12.mo.us/,1
HURLEY ELEM.,"86 HOLT SPRING RD, HURLEY, MO 65675",291539000700,https://www.hurleytigers.org/,1
HURLEY HIGH,"86 HOLT SPRING RD, HURLEY, MO 65675",291539000701,https://www.mshsaa.org/MySchool/SchoolInfo.aspx?s=324,1
IBERIA ELEM.,"201 PEMBERTON DR, IBERIA, MO 65486",291542000702,https://www.iberia.k12.mo.us/,1
IBERIA HIGH,"201 PEMBERTON DR, IBERIA, MO 65486",291542000703,https://www.iberia.k12.mo.us/,1
SCOTT CITY ELEM.,"3000 MAIN ST, SCOTT CITY, MO 63780",291545000704,https://scr1.org/,1
SCOTT CITY HIGH,"3000 MAIN ST, SCOTT CITY, MO 63780",291545000705,https://scr1.org/,3
SCOTT CITY MIDDLE,"3000 MAIN ST, SCOTT CITY, MO 63780",291545002702,https://scr1.org/,2
THOMAS HART BENTON ELEM.,"429 S LESLIE, INDEPENDENCE, MO 64050",291548000707,http://sites.isdschools.org/benton,1
BLACKBURN ELEM.,"17302 E R D MIZE RD, INDEPENDENCE, MO 64057",291548000708,http://gadwoodgroup.com/Schools/75796f19b8d97b59813fc6888b28ce4c/,3
BRIDGER MIDDLE,"18200 E M-78 HWY, INDEPENDENCE, MO 64057",291548000709,https://www.isdschools.org/james-bridger/,1
BRYANT ELEM.,"827 W COLLEGE, INDEPENDENCE, MO 64050",291548000710,http://sites.isdschools.org/bryant,1
GLENDALE ELEM.,"2611 S LEE'S SUMMIT RD, INDEPENDENCE, MO 64055",291548000711,http://sites.isdschools.org/glendale,2
JOHN W. LUFF ELEM.,"3700 S DELAWARE AVE, INDEPENDENCE, MO 64055",291548000713,http://sites.isdschools.org/luff,1
MILL CREEK ELEM.,"2601 N LIBERTY ST, INDEPENDENCE, MO 64050",291548000714,http://sites.isdschools.org/millcreek,1
OTT ELEM.,"1525 N NOLAND RD, INDEPENDENCE, MO 64050",291548000716,http://sites.isdschools.org/ott,1
PROCTER ELEM.,"1403 W LINDEN AVE, INDEPENDENCE, MO 64052",291548000718,http://sites.isdschools.org/procter,1
RANDALL ELEM.,"509 JENNINGS RD, INDEPENDENCE, MO 64056",291548000719,http://sites.isdschools.org/randall,2
SPRING BRANCH ELEM.,"20404 E TRUMAN RD, INDEPENDENCE, MO 64056",291548000720,http://sites.isdschools.org/springbranch,1
SYCAMORE HILLS ELEM.,"15208 E 39TH ST S, INDEPENDENCE, MO 64055",291548000721,http://sites.isdschools.org/sycamorehills,1
TRUMAN HIGH,"3301 S NOLAND RD, INDEPENDENCE, MO 64055",291548000722,http://sites.isdschools.org/truman,1
WILLIAM CHRISMAN HIGH,"1223 N NOLAND RD, INDEPENDENCE, MO 64050",291548000724,http://sites.isdschools.org/williamchrisman,1
WILLIAM SOUTHERN ELEM.,"4300 S PHELPS RD, INDEPENDENCE, MO 64055",291548000725,http://sites.isdschools.org/williamsouthern,1
DAY TREATMENT,"600 W MECHANIC AVE, INDEPENDENCE, MO 64050",291548000952,https://www.hisawyer.com/listings/schools/96673-day-treatment,2
HANTHORN EARLY EDUCATION,"1511 KINGS HWY, INDEPENDENCE, MO 64055",291548001485,http://sites.isdschools.org/hanthorn,1
INDEPENDENCE ACADEMY,"600 W MECHANIC AVE, INDEPENDENCE, MO 64050",291548001707,https://www.isdschools.org/independence-academy/,1
BINGHAM MIDDLE,"1716 S SPECK RD, INDEPENDENCE, MO 64057",291548002339,http://sites.isdschools.org/bingham,1
SANTA FE TRAIL ELEM.,"1301 S WINDSOR ST, INDEPENDENCE, MO 64055",291548002374,http://sites.isdschools.org/santafe,4
PIONEER RIDGE MIDDLE,"1656 S SPECK RD, INDEPENDENCE, MO 64057",291548002807,https://www.isdschools.org/pioneer-ridge/,1
CLIFFORD H. NOWLIN MIDDLE,"2800 S HARDY AVE, INDEPENDENCE, MO 64052",291548003090,https://sites.isdschools.org/nowlin,1
THREE TRAILS ELEM.,"11801 E 32ND ST S, INDEPENDENCE, MO 64052",291548003091,http://sites.isdschools.org/threetrails,2
VAN HORN HIGH,"1109 S ARLINGTON AVE, INDEPENDNCE, MO 64053",291548003096,https://www.isdschools.org/van-horn/,2
SUGAR CREEK ELEM.,"11424 GILL ST, SUGAR CREEK, MO 64054",291548003098,http://sites.isdschools.org/sugarcreek,5
FAIRMOUNT ELEM.,"120 N CEDAR AVE, INDEPENDENCE, MO 64053",291548003099,http://sites.isdschools.org/fairmount,4
KORTE ELEM.,"2437 S HARDY AVE #2431, INDEPENDENCE, MO 64052",291548003107,https://www.isdschools.org/korte/,1
SUNSHINE CENTER,"18400 EAST SALISBURY ROAD, INDEPENDENCE, MO 64056",291548003157,https://www.isdschools.org/sunshine-center/,1
ABRAHAM MALLINSON ELEMENTARY,"709 NORTH FOREST AVE, SUGAR CREEK, MO 64054",291548003210,http://sites.isdschools.org/abrahammallinson,2
LITTLE BLUE ELEMENTARY,"2020 QUAIL DRIVE, INDEPENDENCE, MO 64057",291548003213,http://sites.isdschools.org/littleblue,1
Viburnum High,"35 Hwy 49, Viburnum, MO 65566",291551000729,http://ironc4.k12.mo.us/?page_id=98,1
Viburnum Elementary,"37 Hwy 49, VIBURNUM, MO 65566",291551000730,http://ironc4.k12.mo.us/?page_id=98,1
ORCHARD DRIVE ELEM.,"1402 ORCHARD DR, JACKSON, MO 63755",291560000732,https://odes.jacksonr2schools.com/,2
GORDONVILLE ATTENDANCE CTR.,"653 STATE HWY Z, CAPE GIRARDEAU, MO 63701",291560000733,https://elementaryschools.org/directory/mo/cities/cape-girardeau/gordonville-attendance-center/291560000733/,5
MILLERSVILLE ATTENDANCE CTR.,"377 STATE HWY B, MILLERSVILLE, MO 63766",291560000735,https://elementaryschools.org/directory/mo/cities/millersville/millersville-attendance-center/291560000735/,5
NORTH ELEM.,"10730 STATE HWY W, JACKSON, MO 63755",291560000736,https://nes.jacksonr2schools.com/,2
RUSSELL HAWKINS JR. HIGH,"210 N WEST LN, JACKSON, MO 63755",291560000737,https://jhs.jacksonr2schools.com/,1
JACKSON SR. HIGH,"315 S MISSOURI, JACKSON, MO 63755",291560000738,https://shs.jacksonr2schools.com/,1
WEST LANE ELEM.,"338 N WEST LN, JACKSON, MO 63755",291560000739,https://elementaryschools.org/directory/mo/cities/jackson/west-lane-elementary/291560000739/,7
JACKSON MIDDLE,"1651 W INDEPENDENCE ST, JACKSON, MO 63755",291560001428,https://ms.jacksonr2schools.com/,1
EAST ELEMENTARY,"455 N. LACEY STREET, JACKSON, MO 63755",291560003265,https://ees.jacksonr2schools.com/,1
NORTH DAVIESS ELEM.,"413 E SECOND ST, Jameson, MO 64647",291563000740,https://ndr-iii.northdaviessr-iii.com/,2
NORTH DAVIESS HIGH,"413 E SECOND ST, JAMESON, MO 64647",291563000741,https://www.schoolsnearme.net/en/public/north-daviess-high-school/50121,2
JAMESTOWN C-I ELEM.,"222 SCHOOL ST, JAMESTOWN, MO 65046",291566000742,http://www.jamestown.k12.mo.us/,1
JAMESTOWN C-I HIGH,"222 SCHOOL ST, JAMESTOWN, MO 65046",291566000743,http://www.jamestown.k12.mo.us/,1
JASPER CO. ELEM.,"201 W MERCER ST, JASPER, MO 64755",291614000744,http://www.jasper.k12.mo.us/,1
